country,city,center,private_candidates_accepted
Online,,21K School,
Online,,A&J School,
Online,,Alpha International Education,
Online,,Associazione International School A'Ksen Suisse Academy,
Online,,Atmospheric School,
Online,,BEYOND 8 - ONLINE,
Online,,BOS Academy,
Online,,British Online School,
Online,,Bruton Lloyd Online School,
Online,,Centr Osvity Optima LLC,
Online,,COA International,
Online,,CRIMSON GLOBAL ACADEMY,
Online,,Dreamtime Learning,
Online,,Evolve Online School,
Online,,Gaia Learning Ltd,
Online,,Gen Alpha Education,
Online,,Homebridge,
Online,,IBW Home Schooling,
Online,,Inventum International Online School,
Online,,Iu Internationale Hochschule,
Online,,IWS Online School,
Online,,Jaffaria Academy UK,
Online,,K12 Schools,
Online,,King's InterHigh,
Online,,KNO360 SMART SCHOOLING,
Online,,Libera School,
Online,,Libra Online School,
Online,,London Education Online School,
Online,,London Stars College,
Online,,Merton College London,
Online,,Milverton Education,
Online,,Minerva's Virtual Academy,
Online,,Nisai Virtual Academy,
Online,,One School Group Limited,
Online,,School.How,
Online,,Stayqrious Neoschool,
Online,,Sunbeam World School,
Online,,Thames British Online School,
Online,,The Himalayan School,
Online,,Veritas Global Academy,
Online,,Wolsey Hall Oxford,
Algeria,Oran,Elite Kingdom School,Yes
Angola,Luanda,Colegio Angolano de Talatona,Yes
Angola,Luanda,Grand International School,Yes
Angola,Luanda,Green-ward International School,Yes
Angola,Luanda,Little Angels International School,No
Angola,Luanda,Luanda Future Montessori,No
Argentina,Acassuso,RIVERSIDE SCHOOL,No
Argentina,Adrogué,COLEGIO NEWLANDS,No
Argentina,Adrogué,ST MICHAEL'S COLLEGE,No
Argentina,Bahía Blanca,COLEGIO DEL SOLAR (MERGE),No
Argentina,Bahía Blanca,FOCUS EDUCACION SUDAMERICANA,No
Argentina,Banfield,BALMORAL COLLEGE,No
Argentina,Béccar,Colegio El Buen Ayre,No
Argentina,Béccar,HOLY CROSS COLLEGE,No
Argentina,Béccar,Southern Cross School,No
Argentina,Béccar,ST JOHN'S SCHOOL,No
Argentina,Belén de Escobar,COLEGIO SAN LUCAS HSM,Yes
Argentina,Bernal,INNOVA,No
Argentina,Boulogne Sur Mer,CARDINAL NEWMAN COLLEGE,No
Argentina,Boulogne Sur Mer,OUR LADY OF THE SHELTER,No
Argentina,Buenos Aires,ABERDARE COLLEGE,No
Argentina,Buenos Aires,ASOCIACION CIVIL INST JOSE MANUELESTRAD,No
Argentina,Buenos Aires,BARKER COLLEGE,No
Argentina,Buenos Aires,BELGRANO DAY SCHOOL,No
Argentina,Buenos Aires,BOULOGNE GODSPELL COLLEGE,No
Argentina,Buenos Aires,Buenos Aires Christian School,No
Argentina,Buenos Aires,BUENOS AIRES COLEGIO ESQUIU,No
Argentina,Buenos Aires,CENTRO CULTURAL ITALIANO,No
Argentina,Buenos Aires,Colegio Argentino Árabe Islámico Omar Bin Al Jattab,No
Argentina,Buenos Aires,COLEGIO BAYARD,No
Argentina,Buenos Aires,Colegio de la Providencia,No
Argentina,Buenos Aires,COLEGIO GRILLI CANNING,No
Argentina,Buenos Aires,COLEGIO JESUS MARIA,No
Argentina,Buenos Aires,COLEGIO LAS CUMBRES,No
Argentina,Buenos Aires,COLEGIO MALLINCKRODT,No
Argentina,Buenos Aires,COLEGIO RIO DE LA PLATA,No
Argentina,Buenos Aires,COLEGIO SAN CIRANO,No
Argentina,Buenos Aires,COLEGIO TARBUT,No
Argentina,Buenos Aires,DAILAN SCHOOL & SPORTS,No
Argentina,Buenos Aires,E.E.M. NO 1 D.E. 7 'JULIETA LANTERI',No
Argentina,Buenos Aires,ECCLESTON SCHOOL,No
Argentina,Buenos Aires,ESCUELA ARGENTINA MODELO,No
Argentina,Buenos Aires,ESCUELA DEL MIRADOR/BELVEDERE SCHOOL,No
Argentina,Buenos Aires,ESCUELA SCHOLEM ALEIJEM (MERGE),No
Argentina,Buenos Aires,ESCUELA TECNICA ORT,No
Argentina,Buenos Aires,ESCUELA TECNICA ORT NRO2,No
Argentina,Buenos Aires,FLORIDA DAY SCHOOL,No
Argentina,Buenos Aires,FOCUS EDUCACION SUDAMERICANA,No
Argentina,Buenos Aires,FUNDACION COLEGIO MICHAEL HAM,No
Argentina,Buenos Aires,GLASGOW COLLEGE,No
Argentina,Buenos Aires,HOLY MARY SCHOOL OF ENGLISH,No
Argentina,Buenos Aires,HULL CORDELL,No
Argentina,Buenos Aires,INSTITUTO LANGE LEY MERGE,No
Argentina,Buenos Aires,ISLANDS INTERNATIONAL SCHOOL,No
Argentina,Buenos Aires,LOMAS HIGH SCHOOL,No
Argentina,Buenos Aires,MARTIN BUBER,No
Argentina,Buenos Aires,MASTER COLLEGE,No
Argentina,Buenos Aires,MICHAEL HAM MEMORIAL COLLEGE,No
Argentina,Buenos Aires,NEW WESTLAND SCHOOL,No
Argentina,Buenos Aires,NIGHTINGALE SCHOOL,No
Argentina,Buenos Aires,NORTH HILLS,No
Argentina,Buenos Aires,NORTHLANDS NORDELTA,No
Argentina,Buenos Aires,NORTHLANDS SCHOOL,No
Argentina,Buenos Aires,NUESTRA SEÑORA DE LA UNIDAD,No
Argentina,Buenos Aires,NUEVA ESCUELA ARGENTINA 2000,No
Argentina,Buenos Aires,Oxford High School,No
Argentina,Buenos Aires,PILAR BRICK TOWERS COLLEGE,No
Argentina,Buenos Aires,SAINT MARY OF THE HILLS SCHOOL-PILAR,No
Argentina,Buenos Aires,SAINT PATRICK'S COLLEGE,No
Argentina,Buenos Aires,SAN ISIDRO DELTA SCHOOL,No
Argentina,Buenos Aires,SAN ISIDRO PILGRIMS' COLLEGE,No
Argentina,Buenos Aires,Santa Ethnea,No
Argentina,Buenos Aires,SGS LOMA VERDE BILINGUAL SCHOOL,No
Argentina,Buenos Aires,SOUTHERN INTERNATIONAL SCHOOL,No
Argentina,Buenos Aires,St Anthony's College MERGE,No
Argentina,Buenos Aires,ST BRENDAN'S COLLEGE,No
Argentina,Buenos Aires,ST BRIGID'S SCHOOL,No
Argentina,Buenos Aires,ST GREGORY'S COLLEGE,No
Argentina,Buenos Aires,ST LUKE'S COLLEGE,No
Argentina,Buenos Aires,ST MARGARET'S SCHOOL,No
Argentina,Buenos Aires,ST MARK'S SCHOOL,No
Argentina,Buenos Aires,ST MARTIN IN THE FIELDS SCHOOL,No
Argentina,Buenos Aires,ST MARY OF THE HILLS,No
Argentina,Buenos Aires,ST MATTHEW'S COLLEGE,No
Argentina,Buenos Aires,ST NICHOLAS SCHOOL,No
Argentina,Buenos Aires,ST PATRICKS SCHOOL,No
Argentina,Buenos Aires,ST XAVIER'S COLLEGE,No
Argentina,Buenos Aires,ST. CATHERINE'S MOORLANDS,No
Argentina,Buenos Aires,ST. MATTHEW'S COLLEGE NORTH,No
Argentina,Buenos Aires,SWORN JUNIOR COLLEGE,No
Argentina,Buenos Aires,THAMES COLEGIO PALERMO CHICO,No
Argentina,Buenos Aires,THE ENGLISH PLACE,No
Argentina,Buenos Aires,UNITED HIGH SCHOOL,No
Argentina,Buenos Aires,VILLA DEVOTO SCHOOL (MERGE),No
Argentina,Buenos Aires,WASHINGTON SCHOOL,No
Argentina,Campana,Armonia,Yes
Argentina,Campana,COLEGIO DANTE ALIGHIERI,Yes
Argentina,Campana,COLEGIO HOLTERS NATUR,Yes
Argentina,Capitán Sarmiento,NEW COLLEGE,No
Argentina,Chacras de Coria,COLEGIO LAS CANDELAS,No
Argentina,Chacras de Coria,COLEGIO SAN NICOLAS,No
Argentina,Cipolletti,SUNRISE SCHOOL,No
Argentina,City Bell,COLEGIO PATRIS,No
Argentina,Comodoro Rivadavia,ABRAHAM LINCOLN SCHOOL,No
Argentina,Concordia,ENTRE RIOS COLEGIO SAN ANTONIO,No
Argentina,Córdoba,ACADEMIA ARGUELLO,No
Argentina,Córdoba,Instituto Bilingue Sagrada Familia,Yes
Argentina,Córdoba,MARK TWAIN SCHOOL,No
Argentina,Corrientes,SAINT PATRICK COLLEGE,No
Argentina,Del Viso,COLEGIO NORBRIDGE,No
Argentina,Del Viso,DEL VISO DAY SCHOOL,No
Argentina,Del Viso,WELLSPRING SCHOOL,No
Argentina,Don Torcuato,CHALTEL COLLEGE,No
Argentina,Don Torcuato,COLEGIO BARBAR,No
Argentina,Don Torcuato,ST PHILIP THE APOSTLE COLLEGE,No
Argentina,El Palomar,COLEGIO ALAS,No
Argentina,Ezeiza,ST MARY'S INTERNATIONAL COLLEGE,No
Argentina,Fátima,NORTHERN INTERNATIONAL SCHOOL,No
Argentina,Garín,COLEGIO ARRAYANES,No
Argentina,General Pacheco,Hans Christian Andersen,No
Argentina,General Pacheco,"Pilgrims' College, Pacheco",No
Argentina,General Pacheco,Sworn Junior College Pacheco,No
Argentina,General Pico,Steps,Yes
Argentina,General Roca,FUNDACION ESCUELA DEL VALLE MERGE,No
Argentina,General Rodriguez,BARTOLOMÉ MITRE DAY SCHOOL,Yes
Argentina,Gobernador Virasoro,INSTITUTO VUELTA DEL OMBU,No
Argentina,Godoy Cruz,COLEGIO LOS OLIVOS-PORTEZUELO,No
Argentina,Godoy Cruz,ST. GEORGE'S COLLEGE,No
Argentina,Gualeguaychú,COLEGIO LAS VICTORIAS,No
Argentina,Haedo,COLEGIO WARD,No
Argentina,Hurlingham,ST HILDA'S COLLEGE,No
Argentina,Hurlingham,ST PAUL'S COLLEGE,No
Argentina,Ingeniero Maschwitz,Colegio Los Alamos,Yes
Argentina,Ingeniero Maschwitz,DOVER HIGH SCHOOL,No
Argentina,Ituzaingó,RYAN'S COLLEGE,No
Argentina,Lincoln,ESCUELA DEL ALBA,No
Argentina,Lomas de Zamora,ST ALBANS COLLEGE,No
Argentina,Luján,COLEGIO SAN PATRICIO,No
Argentina,Mar del Plata,HOLY MARY OF NORTHERN HILLS,No
Argentina,Mar del Plata,HOLY TRINITY COLLEGE,No
Argentina,Martínez,SAINT CHARLES' COLLEGE,No
Argentina,Martínez,SANTA TERESA DEL NIÑO JESUS,No
Argentina,Mendoza,ST ANDREW'S COLLEGE,No
Argentina,Monte Grande,ST MARK'S COLLEGE,No
Argentina,Moreno,ESCUELA BARTOLOME MITRE,No
Argentina,Moreno,Thomas Jefferson College,No
Argentina,Munro,COLEGIO LOS MOLINOS,No
Argentina,Neuquen,COLEGIO BILINGUE NEUQUEN,Yes
Argentina,Neuquén,COLEGIO CONFLUENCIA,No
Argentina,Olivos,CAXTON SCHOOL,No
Argentina,Olivos,INSTITUTO JESUS EN EL HUERTO DE LOSOLIVOS,No
Argentina,Olivos,Learning Proyecto Integral,No
Argentina,Olivos,ST ANDREW'S SCOTS SCHOOL,No
Argentina,Olivos,ST MATTHEW'S COLLEGE,No
Argentina,Pablo Nogués,THE GLOBAL SCHOOL,No
Argentina,Pergamino,COLEGIO SAN PABLO,No
Argentina,Pergamino,VIP LANGUAGE SERVICES,No
Argentina,Pilar,COLEGIO DEL PILAR,No
Argentina,Pilar,COLEGIO SANTA MARIA PILAR,No
Argentina,Pilar,LINCOLN COLLEGE,No
Argentina,Pilar,Los Candiles-Los Caminos,No
Argentina,Pilar,ST. JOHN'S SCHOOL,No
Argentina,Pinamar,COLEGIO TIERRA DEL SUR,Yes
Argentina,Quilmes,QUILMES HIGH SCHOOL,No
Argentina,Quilmes,ST GEORGE'S COLLEGE,No
Argentina,Ramos Mejía,Orange Day School,No
Argentina,Ranelagh,RANELAGH COMMUNITY SCHOOL,No
Argentina,Remedios de Escalada,MODERN SCHOOL,No
Argentina,Río Cuarto,ST IGNATIUS' SCHOOL,No
Argentina,Río Gallegos,POPLARS JR. SCHOOL,No
Argentina,Rio Grande,Escuela Del Cono Sur,Yes
Argentina,Río Grande,COLEGIO INTEGRAL DE EDUCACION RIO GRANDE,No
Argentina,Rosário,"FOCUS EDUCACION SUDAMERICANA, ROSARIO",No
Argentina,Salta,COLEGIO SANTA MARIA,No
Argentina,San Antonio de Areco,COLEGIO SAN ANTONIO,No
Argentina,San Antonio de Padua,SAN ANTONIO DE PADUA SARMIENTO SCHOOL,No
Argentina,San Carlos de Bariloche,ST PATRICK'S COLLEGE,No
Argentina,San Carlos De Bariloche,WOODVILLE SCHOOL,No
Argentina,San Fernando,COLEGIO SAN ESTEBAN,No
Argentina,San Isidro,COLEGIO LABARDEN,Yes
Argentina,San Isidro,COLEGIO SAN JUAN EL PRECURSOR,No
Argentina,San Isidro,COLEGIO SANTA INES,No
Argentina,San Isidro,SAN ISIDRO COL CARMEN ARRIOLA DE MARIN,No
Argentina,San Juan,COLEGIO INGLES,No
Argentina,San Juan,SAINT PAUL COLEGIO BILINGUE,No
Argentina,San Lorenzo Chico,SAN ISIDRO COLLEGE,No
Argentina,Santa Fé,COLEGIO LOS ARROYOS,No
Argentina,Santa Fé,COLEGIO MIRASOLES,No
Argentina,Tandil,TANDIL COLEGIO SANTO DOMINGO EN LA,No
Argentina,Temperley,WILLIAM SHAKESPEARE - SAN AGUSTIN,No
Argentina,Tigre,Cardenal Pironio School,No
Argentina,Tigre,SAN PEDRO,No
Argentina,Tortuguitas,BEDE'S GRAMMAR SCHOOL,No
Argentina,Tortuguitas,ST. CATHERINE'S MOORLANDS,No
Argentina,Vicente Lopez,Instituto Pedro Poveda,No
Argentina,Villa Allende,COLEGIO EL TORREON,No
Argentina,Villa Nueva,COLEGIO PORTEZUELO-LOS OLIVOS,No
Argentina,Yerba Buena,COLEGIO SAN PATRICIO,No
Armenia,Dilijan,Dilijan International School of Armenia Foundation (Preparatory Years Centre Dilijan),Yes
Armenia,Yerevan,CIS Armenia,No
Armenia,Yerevan,Eureka School,Yes
Armenia,Yerevan,Liberated School,Yes
Australia,Adelaide,Adelaide International School,Yes
Australia,Bellevue Hill,The Scots College,Yes
Australia,Buderim,Matthew Flinders Anglican College,Yes
Australia,Darwin,Larrakeyah Primary School,No
Australia,Hornsby,Barker College,No
Australia,Mangerton,The Illawarra Grammar School,No
Australia,Mittagong,Frensham Schools,No
Australia,Perth,Aquinas College,No
Australia,Perth,Hale School,Yes
Australia,Rose Bay,Kincoppal Rose Bay School of The Sacred Heart,No
Australia,Stanmore,Newington College,No
Australia,Strathfield,Meriden School,No
Australia,Sydney,"Presbyterian Ladies' College, Sydney",No
Australia,Sydney,Roseville College,No
Australia,Ultimo,UTS College,Yes
Australia,Wahroonga,Abbotsleigh,No
Austria,Krumbach,Schloss Krumbach International School,Yes
Austria,Vienna,Private Primary School Meridian,No
Azerbaijan,Baku,Azerbaijan British College,Yes
Azerbaijan,Baku,Baku Modern Educational Complex - International School,No
Azerbaijan,Baku,Baku Oxford School,Yes
Azerbaijan,Baku,British School in Baku,Yes
Azerbaijan,Baku,Evrika Lyceum,Yes
Azerbaijan,Baku,Hedef Lyceum,Yes
Azerbaijan,Baku,Istanbul Liseyi,Yes
Azerbaijan,Baku,Kaspi Lyceum,Yes
Azerbaijan,Baku,LANDAU School,Yes
Azerbaijan,Baku,Modern Educational Complex Named in Honour of Heydar Aliyev,Yes
Azerbaijan,Baku,Port Baku Kids Club LLC Bumblebee Preschool and Montessori,No
Azerbaijan,Baku,SABIS Sun International School,No
Azerbaijan,Baku,XXI Century International Education and Innovation Centre,Yes
Azerbaijan,Nakhchivan,NSU International School,Yes
Bahamas,Bahamas,"King's College School, The Bahamas",Yes
Bahamas,Nassau,Windsor Preparatory School,No
Bahrain,Al Budaiya,Al Wisam Private School,Yes
Bahrain,Al Budaiya,Quality Education School,Yes
Bahrain,Al Budaiya,The British School of Bahrain,No
Bahrain,Arad,The International School of Choueifat-Manama,No
Bahrain,Bani Jamra,Quest School,Yes
Bahrain,Diyar Al Muharraq,Noor Al Diyar Private School,Yes
Bahrain,Isa Town,"Pakistan Urdu School, Kingdom of Bahrain",No
Bahrain,Isa Town,St Christopher's School,No
Bahrain,Manama,Abdul Rahman Kanoo International School,No
Bahrain,Manama,Al Mahd School,Yes
Bahrain,Manama,Al Noor International School,Yes
Bahrain,Manama,Arabian Pearl Gulf School,Yes
Bahrain,Manama,Bangladesh School Bahrain,Yes
Bahrain,Manama,Nadeen School,No
Bahrain,Manama,New Generation Private School,Yes
Bahrain,Manama,The One Multinational School W.L.L.,Yes
Bahrain,Riffa,Hawar International School,No
Bahrain,Riffa,Shaikha Hessa Girl's School,Yes
Bahrain,Salmabad,Britus International School Bahrain (BIS-B),No
Bangladesh,Chattogram,AL-MAGHRIB INTERNATIONAL SCHOOL,Yes
Bangladesh,Chattogram,AUW LABORATORY SCHOOL,No
Bangladesh,Chattogram,CHITTAGONG INTERNATIONAL SCHOOL,No
Bangladesh,Chattogram,CIDER INTERNATIONAL SCHOOL,No
Bangladesh,Chattogram,CYGNUS INTERNATIONAL SCHOOL,Yes
Bangladesh,Chattogram,FROBEL ACADEMY,Yes
Bangladesh,Chattogram,INTERNATIONAL HOPE SCHOOL BANGLADESH-CTG,No
Bangladesh,Chattogram,"THE DUX, AN ENGLISH MEDIUM SCHOOL",No
Bangladesh,Chittagong,AL HASANAIN,Yes
Bangladesh,Dhaka,ACADEMIA BANASREE,Yes
Bangladesh,Dhaka,ACADEMIA MALIBAGH,Yes
Bangladesh,Dhaka,ACADEMIA MIRPUR,Yes
Bangladesh,Dhaka,ACADEMIA UTTARA,Yes
Bangladesh,Dhaka,"ACADEMIA, GULSHAN",No
Bangladesh,Dhaka,Al-Azhar International Grammar School,Yes
Bangladesh,Dhaka,AVERROES INTERNATIONAL SCHOOL,Yes
Bangladesh,Dhaka,BANGLADESH INTERNATIONAL TUTORIAL (BIT),No
Bangladesh,Dhaka,BANGLADESH INTL SCHOOL AND COLLEGE,No
Bangladesh,Dhaka,CANADIAN INTERNATIONAL SCHOOL BANGLADESH,Yes
Bangladesh,Dhaka,CANADIAN MAPLE INTERNATIONAL SCHOOL,Yes
Bangladesh,Dhaka,CAPSTONE SCHOOL DHAKA,No
Bangladesh,Dhaka,CRESCENDO EDUCATIONAL INSTITUTION,No
Bangladesh,Dhaka,DAFFODIL INTERNATIONAL SCHOOL UTTARA,No
Bangladesh,Dhaka,DON BOSCO SCHOOL & COLLEGE,No
Bangladesh,Dhaka,EUROPEAN STANDARD SCHOOL,Yes
Bangladesh,Dhaka,EXCEL ACADEMY,No
Bangladesh,Dhaka,GLENRICH INTERNATIONAL SCHOOL,No
Bangladesh,Dhaka,GLENRICH INTERNATIONAL SCHOOL UTTARA,No
Bangladesh,Dhaka,GUIDANCE INTERNATIONAL SCHOOL,Yes
Bangladesh,Dhaka,"INSIGHT INTERNATIONAL SCHOOL, DHAKA",No
Bangladesh,Dhaka,INTERNATIONAL HOPE SCHOOL BANGLADESH,No
Bangladesh,Dhaka,JAHAN INTERNATIONAL SCHOOL,No
Bangladesh,Dhaka,KIDS CAMPUS SCHOOL,No
Bangladesh,Dhaka,LEGEND INTERNATIONAL SCHOOL,Yes
Bangladesh,Dhaka,LORDS - AN ENGLISH MEDIUM SCHOOL,No
Bangladesh,Dhaka,NICE SCHOOL AND COLLEGE,No
Bangladesh,Dhaka,"OXFORD INTERNATIONAL SCHOOL, DHAKA",No
Bangladesh,Dhaka,Park International School and College,Yes
Bangladesh,Dhaka,PENFIELD SCHOOL,Yes
Bangladesh,Dhaka,PLEDGE HARBOR INTERNATIONAL SCHOOL,No
Bangladesh,Dhaka,PREMIER SCHOOL DHAKA,No
Bangladesh,Dhaka,Project Headway Grammar School,Yes
Bangladesh,Dhaka,ROYAL SCHOOL DHAKA,Yes
Bangladesh,Dhaka,S.F.X. Greenherald International School,No
Bangladesh,Dhaka,SINGAPORE INTERNATIONAL SCHOOL,Yes
Bangladesh,Dhaka,SPRINGDALE INTERNATIONAL SCHOOL,Yes
Bangladesh,Dhaka,ST. JOSEPH INTERNATIONAL SCHOOL,No
Bangladesh,Dhaka,YALE INTERNATIONAL SCHOOL,No
Bangladesh,Dinajpur,LAMB ENGLISH MEDIUM SCHOOL,No
Bangladesh,Dinajpur,"TULIP INTER. SCH. AND COL., DINAJPUR",No
Bangladesh,Gazipur,KHALEDA RASHID EDUCARE SCHOOL,No
Bangladesh,Mohammadpur,WHEATON INTERNATIONAL SCHOOL,Yes
Bangladesh,Narayanganj,MASCO SCHOOL KANCHAN,No
Bangladesh,Sylhet,ROYAL INSTITUTE OF SMART EDUCATION,No
Barbados,Bridgetown,Lockerbie College,Yes
Belgium,Aartselaar,International School of Belgium,No
Belgium,Antwerp,Lycee Francais International D'Anvers,No
Belgium,Brussels,ACE of Brussels,Yes
Belgium,Brussels,Agnes School,No
Belgium,Brussels,British Junior Academy of Brussels,No
Belgium,Brussels,Brussels International Catholic School,No
Belgium,Brussels,The British School of Brussels,No
Belgium,Dilsen-Stokkem,Stedelijke Humaniora Dilsen,Yes
Belgium,Sint-Genesius-Rode,International School of Flanders:Waterloo Campus,Yes
Belgium,Waterloo,Musica Mundi School,Yes
Belgium,Wavre,Ecole Internationale Le Verseau,Yes
Benin,Cotonou,British and French Academy,Yes
Benin,Cotonou,The English International School,No
Bermuda,Hamilton,Saltus Grammar School,Yes
Bermuda,Hamilton,The Bermuda High School for Girls,Yes
Bermuda,Hamilton,Warwick Academy,Yes
Bhutan,Thimphu,Pelkhil School,Yes
Bolivia,Santa Cruz de la Sierra,Cambridge College,Yes
Bolivia,Santa Cruz de la Sierra,Colegio Bilingüe Domingo Savio,Yes
Bolivia,Santa Cruz de la Sierra,Santa Cruz International School,Yes
Bolivia,Tarija,Colegio Británico Tarija,No
Bosnia And Herzegovina,Sarajevo,Gimnazija Univerziteta Sarajevo School of Science and Technology (SSST University Gymnasium),Yes
Bosnia And Herzegovina,Sarajevo,Link Group,Yes
Bosnia And Herzegovina,Sarajevo,Maarif International Schools Isa-Beg Ishakovic,No
Bosnia And Herzegovina,Sarajevo,Maarif International Schools Sarajevo,Yes
Bosnia And Herzegovina,Sarajevo,Prva bosnjacka gimnazija,Yes
Bosnia And Herzegovina,Sarajevo,Richmond Park Int'l Secondary School Sarajevo,Yes
Botswana,Francistown,Clifton School,Yes
Botswana,Francistown,Eastern Gate Academy,Yes
Botswana,Francistown,Jacaranda High School,No
Botswana,Francistown,John Mackenzie School,Yes
Botswana,Francistown,Mophato High School,Yes
Botswana,Francistown,St Kizito Secondary School,Yes
Botswana,Gaborone,Al-Nur School,Yes
Botswana,Gaborone,Botlhale Cambridge International School,Yes
Botswana,Gaborone,Curro Baobab School,Yes
Botswana,Gaborone,Enko Botho Campus,Yes
Botswana,Gaborone,Gaborone International School,No
Botswana,Gaborone,Hibiscus Learning Academy,Yes
Botswana,Gaborone,Legae Academy,No
Botswana,Gaborone,Legae English Medium School,No
Botswana,Gaborone,Livingstone Kolobeng College,Yes
Botswana,Gaborone,Maru A Pula School,No
Botswana,Gaborone,Newton International School,Yes
Botswana,Gaborone,Oriel International English Medium School,Yes
Botswana,Gaborone,Phakalane Secondary School,No
Botswana,Gaborone,Rainbow Primary,No
Botswana,Gaborone,Rainbow School,Yes
Botswana,Gaborone,Regent Hill International School,Yes
Botswana,Gaborone,Regent Hill International School Metsimotlhabe,Yes
Botswana,Gaborone,Regent Hill School Molepolole,Yes
Botswana,Gaborone,The Dow Academy,Yes
Botswana,Gaborone,The Learning Centre School,Yes
Botswana,Gaborone,Thornhill Primary School,No
Botswana,Ghanzi,PIONEER ACADEMY,Yes
Botswana,Kanye,Kidz Academy International School,No
Botswana,Kanye,Maranatha Academy of Excellence,Yes
Botswana,Lobatse,Crescent School,Yes
Botswana,Maun,Delta Waters International School,Yes
Botswana,Maun,Leapotswe School,Yes
Botswana,Maun,Matshwane International School,Yes
Botswana,Mochudi,Precious Cornerstone Secondary School,Yes
Botswana,Mogoditshane,Mountain View Adventist Academy,Yes
Botswana,Molepolole,Kweneng International Secondary School,No
Botswana,Palapye,Kgaswe International School,Yes
Botswana,Selebi-Phikwe,Kopano School,No
Botswana,Selebi-Phikwe,Morula School,Yes
Botswana,Sowa,Flamingo School,No
Botswana,Thamaga,Highridge High School,Yes
Brazil,Araraquara,Bee Happy Bilingual School Group,No
Brazil,Blumenau,Colegio Bom Jesus Santo Antonio,Yes
Brazil,Braganca Paulista,AZ Internacional,Yes
Brazil,Brasília,Colegio Marista De Brasilia,No
Brazil,Campinas,Colegio Progresso Bilingue - Taquaral,No
Brazil,Campinas,COLEGIO RIO BRANCO CAMPINAS,Yes
Brazil,Campo Largo,Colegio Bom Jesus Internacional Aldeia,No
Brazil,Cascavel,Colégio Passo Certo Growing - Cascavel PR,No
Brazil,Colombo,Colegio Bom Jesus Alphaville,No
Brazil,Cuiaba,International School of Cuiaba,No
Brazil,Curitiba,Colegio Marista Anjo da Guarda,No
Brazil,Curitiba,Colegio Marista Paranaense,No
Brazil,Curitiba,Colégio Marista Santa Maria,No
Brazil,Curitiba,Colégio Positivo,No
Brazil,Curitiba,Colégio Positivo,No
Brazil,Curitiba,Colegio Positivo Agua Verde - Curitiba PR,No
Brazil,Curitiba,Colegio Positivo Boa Vista,No
Brazil,Foz do Iguaçu,Colegio Semeador,No
Brazil,Goiania,Colegio Marista Goiania,No
Brazil,Itabuna,Spring School,Yes
Brazil,Itajaí,Colegio Bom Jesus Itajai,No
Brazil,Itu,Colegio Progresso Bilingue - Itu,No
Brazil,Joinville,Colegio Positivo Joinville,No
Brazil,Joinville,Uni Bilingual School,No
Brazil,Limeira,Colegio Da Vinci Ltda,Yes
Brazil,Londrina,Colegio Maxi,No
Brazil,Londrina,Colégio Positivo Santa Maria,No
Brazil,Manaus,Amazonas English Academy,Yes
Brazil,Manaus,Laviniense Ensino Integrado,No
Brazil,Maringá,Colegio Marista de Maringa,No
Brazil,Maringá,Saint Helena Bilingual Education,No
Brazil,Niterói,Colégio Objetivo Camboinhas,Yes
Brazil,Niterói,Instituto GayLussac,Yes
Brazil,Novo Hamburgo,Instituicao Evangelica De Novo Hamburgo,Yes
Brazil,Ponta Grossa,Colégio Positivo Master,No
Brazil,Recife,All 4 Kids School,No
Brazil,Recife,COLEGIO MADRE DE DEUS,No
Brazil,Ribeirão Preto,Colegio Marista Champagnat,No
Brazil,Ribeirão Preto,Colégio Marista De Ribeirão Preto,No
Brazil,Ribeirão Preto,COLÉGIO SANTA ÚRSULA,Yes
Brazil,Rio de Janeiro,Colegio Alfa Cem,Yes
Brazil,Rio de Janeiro,"The British School, Rio de Janeiro",No
Brazil,Rio de Janeiro,"The British School, Rio De Janeiro",No
Brazil,Salvador,Colegio Anchieta (ANCHIETINHA - Aquarius),No
Brazil,Salvador,Colégio Anchieta (Anchietinha - Bela Vista),No
Brazil,Salvador,Colégio São Paulo,No
Brazil,Salvador,Escola Girassol,No
Brazil,Santana de Parnaiba,Anglo Leonardo Da Vinci,No
Brazil,Santo André,Colegio Liceu Jardim,Yes
Brazil,Santo André,COLEGIO STOCCO,Yes
Brazil,Santo André,CYCLE INTERNATIONAL SCHOOL,Yes
Brazil,Santos,Colegio Progresso Bilingue - Santos,No
Brazil,São Bernardo do Campo,Colegio Petropolis,Yes
Brazil,Sao Caetano do Sul,Escola Villare,Yes
Brazil,São Carlos,COLEGIO PLANETA,No
Brazil,Sao Paulo,Colegio Progresso Bilingue - Vinhedo,No
Brazil,Sao Paulo,COLEGIO UIRAPURU,Yes
Brazil,Sao Paulo,St. John´s International School,Yes
Brazil,São Paulo,Aubrick Multicultural Bilingual School,No
Brazil,São Paulo,Brazilian International School,Yes
Brazil,São Paulo,British Colegio do Brasil,No
Brazil,São Paulo,COLEGIO FRIBURGO,No
Brazil,São Paulo,Colegio Marista Arquidiocesano,No
Brazil,São Paulo,Colégio Progresso Bilingue Indaiatuba,Yes
Brazil,São Paulo,Colegio Progresso Campineiro,Yes
Brazil,São Paulo,St Francis College,Yes
Brazil,São Paulo,St Paul's School,No
Brazil,São Paulo,St. Nicholas School,No
Brazil,Sorocaba,COLEGIO SER - CAMPOLIM,No
Brazil,Sorocaba,COLEGIO SER BOA VISTA,No
Brazil,Vinhedo,ESCOLA JOAO E MARIA DE VINHEDO,Yes
Brazil,Vitória,Escola Sao Domingos,Yes
Brunei Darussalam,Bandar Seri Begawan,International School Brunei,Yes
Brunei Darussalam,Bandar Seri Begawan,Jerudong International School,Yes
Bulgaria,Osoitsa,Cosmos International School,No
Bulgaria,Sofia,British School of Sofia,Yes
Bulgaria,Sofia,Darbi College,No
Bulgaria,Sofia,Izzi Science for Kids Private Secondary School,No
Bulgaria,Sofia,St. George International School,Yes
Bulgaria,Sofia,"Zlatarski International School, Sofia",No
Cambodia,Battambang,International School of Battambang,Yes
Cambodia,Phnom Penh,American Pacific International School,Yes
Cambodia,Phnom Penh,"Berkeley International School, PK Campus",No
Cambodia,Phnom Penh,"Berkeley International School, TK Campus",No
Cambodia,Phnom Penh,Brightstar International School Of Phnom Penh (BISPP),Yes
Cambodia,Phnom Penh,East West International School,Yes
Cambodia,Phnom Penh,EFI Ecole Francaise Internationale,No
Cambodia,Phnom Penh,Footprints International School,No
Cambodia,Phnom Penh,Footprints International School TK Campus,No
Cambodia,Phnom Penh,Greenfield International School,Yes
Cambodia,Phnom Penh,H.I. School Co. Ltd,Yes
Cambodia,Phnom Penh,Harrods International Academy,Yes
Cambodia,Phnom Penh,ICS International School,Yes
Cambodia,Phnom Penh,Invictus International School,Yes
Cambodia,Phnom Penh,NIRA International School,No
Cambodia,Phnom Penh,Paragon International School,Yes
Cambodia,Phnom Penh,Paragon International School Primary Campus,Yes
Cambodia,Phnom Penh,Singapore (Cambodia) International Academy,No
Cambodia,Phnom Penh,Southbridge International School Cambodia,Yes
Cambodia,Phnom Penh,The British International School of Phnom Penh,No
Cambodia,Phnom Penh,World International School Cambodia,No
Cambodia,Siem Reap,International School Of Siem Reap,No
Cambodia,Siem Reap,Siem Reap International School,No
Cambodia,Teuk Thla,Forest Hill International School,Yes
Cameroon,Douala,DEWEY INTER SCH OF APPLIED SCIENCES,No
Cameroon,Douala,Enko Bonanjo International School,Yes
Cameroon,Douala,Rousseau International School,Yes
Cameroon,Douala,The Bridge International School,Yes
Cameroon,Tiko,ST. MARY'S INTERNATIONAL COLLEGE,Yes
Cameroon,Yaoundé,Enko La Gaiete Int. School (Primary),Yes
Cameroon,Yaoundé,Enko La Gaiete International School,Yes
Cameroon,Yaoundé,MADA INTERNATIONAL COLLEGE,Yes
Canada,Bracebridge,Dewey Institute,Yes
Canada,Markham,Noic Academy,Yes
Canada,North York,UT Preparatory Academy,Yes
Canada,Ontario,Unionville Academy,Yes
Canada,Toronto,Fieldstone,Yes
Canada,Toronto,The Study Academy,Yes
Cayman Islands,Cayman Brac,Cayman Brac High School,Yes
Cayman Islands,Georgetown,St Ignatius Catholic School,No
Cayman Islands,Grand Cayman,Cayman Prep and High School,No
Cayman Islands,Grand Cayman,John Gray High School,No
Chile,La Reina,La Abadia,No
Chile,Santiago,Chartwell International School Chile,Yes
Chile,Santiago,Dunalastair,Yes
Chile,Santiago,International Preparatory School,Yes
Chile,Santiago,Kendal English School,No
Chile,Santiago,Santiago The Grange School,Yes
Chile,Santiago,Trebulco School,No
Chile,Santiago,Trewhela's School Chicureo,No
Chile,Santiago,Trewhela's School Providencia,No
Chile,Temuco,Colegio Bautista Temuco,Yes
China,Beijing,BDA Sch Of High Sch Affiliated To Renmin Uni Of China,No
China,Beijing,Beanstalk International Bilingual School Changying Campus,No
China,Beijing,Beijing 21st Century School,No
China,Beijing,Beijing Academy,No
China,Beijing,Beijing Aidi School,No
China,Beijing,Beijing Changping Jialian School,Yes
China,Beijing,Beijing Changping Xinxuedao Linchuan International School,Yes
China,Beijing,Beijing Chaoyang Limai School,Yes
China,Beijing,Beijing Dulwich International School,No
China,Beijing,Beijing Haidian Kaiwen Academy,No
China,Beijing,BEIJING HIGH SCHOOL AFF TO RENMIN UNI,No
China,Beijing,BEIJING INTERNATIONAL BILINGUAL ACADEMY,No
China,Beijing,Beijing LiZe International Academy,No
China,Beijing,Beijing Luhe International Academy,Yes
China,Beijing,BEIJING NATIONAL DAY SCHOOL,No
China,Beijing,Beijing New Talent Academy,No
China,Beijing,Beijing No. 80 High School,No
China,Beijing,Beijing Royal School,No
China,Beijing,Beijing Shi Da High School,No
China,Beijing,Beijing World Youth Academy,No
China,Beijing,Beijing Xin Fuxue International Academy,No
China,Beijing,BEIJING ZHONGGUANCUN FOREIGN LANG SCH,No
China,Beijing,Chaoyang KaiWen Academy,Yes
China,Beijing,China Beijing Bacui Bilingual School,No
China,Beijing,Harrow International School Beijing,No
China,Beijing,HD Beijing School,Yes
China,Beijing,NAS Beijing,No
China,Beijing,New Oriental Academy,No
China,Beijing,Pakistan Embassy College Beijing,No
China,Beijing,"School of International Education, BFSU",No
China,Beijing,Springboard International Bilingual School,Yes
China,Beijing,The British School of Beijing,Yes
China,Beijing,The University Of International Business And Economics,Yes
China,Beijing,Ulink College of Beijing,No
China,Beijing,Wellington College International Hangzhou,No
China,Beijing,Yew Chung International School of Beijing,No
China,Beijing,Yew Wah International School Of Beijing,No
China,Changchun,Jilin University - Lambton College,No
China,Changsha,Changsha Hongyi Senior High School,No
China,Changsha,Changsha Wes Academy,No
China,Changsha,Changsha Zhounan High School,No
China,Changsha,Cogdel Cranleigh School Changsha,No
China,Changsha,NINGXIANG COUNTRY GARDEN SCHOOL,No
China,Changsha,The High School Attached to Hunan Normal University,Yes
China,Changshu,Changshu Lunhua Foreign Language School,Yes
China,Changzhou,Cardiff And Vale College Changzhou,Yes
China,Changzhou,Changwai Bilingual School,No
China,Changzhou,Wycombe Abbey School Changzhou,No
China,Chengdu,Chengdu No.7 High School,No
China,Chengdu,Chengdu Shishi (No4) High School Cambridge A-Level Centre,No
China,Chengdu,Chengdu Shishi Tianfu High School,No
China,Chengdu,Chengdu Tianfu School,No
China,Chengdu,Cogdel School Chengdu,No
China,Chengdu,Guangya School,Yes
China,Chengdu,KING'S COLLEGE SCHOOL CHENGDU,Yes
China,Chengdu,Malvern College Chengdu,No
China,Chengdu,SPGS International School Chengdu,No
China,Chengmai County,Hainan Micro-City Future School,No
China,Chongqing,Chong Qing Cambridge International Centre,Yes
China,Chongqing,Chongqing BI Academy,No
China,Chongqing,Chongqing Foreign Language School,No
China,Chongqing,Yew Chung International School Of Chongqing,Yes
China,Dalian,DALIAN NO. 24 HIGH SCHOOL,No
China,Dalian,DALIAN ROYAL SCHOOL,No
China,Danyang,Danyang High School of Jiangsu Province,Yes
China,Daqing,Daqing Royal Bridge Academy,Yes
China,Dongguan,Affiliated School of JNU for Hong Kong & Macao Students (Dongguan),No
China,Dongguan,Dongguan Guang Ming High School International Section,No
China,Dongguan,Dongguan Guang Zheng Preparatory School International Section,Yes
China,Dongguan,Dongguan Hanlin Experimental School,No
China,Dongguan,Haide Bilingual School Dongguan,Yes
China,Dongguan,Humen Foreign Language School,No
China,Dongguan,Tsinglan School,No
China,Dongying,Dongying No.1 High School,Yes
China,Foshan,Caeyu International School of Foshan,No
China,Foshan,Foshan EtonHouse International School (FEIS),No
China,Foshan,Foshan Sanshui Beibo Dehan Foreign Languages School,Yes
China,Foshan,Guangdong Country Garden School,Yes
China,Foshan,Guangdong Shunde Desheng School,No
China,Foshan,Lady Eleanor Holles International School Foshan,Yes
China,Foshan,Majestic International College,Yes
China,Foshan,Stellart International School of Arts,Yes
China,Fujian,Fuzhou No.8 High School,Yes
China,Fujian,JINJIANG WILCON BILINGUAL EXPERIMENTAL SCHOOL,No
China,Fuzhou,Fuzhou No.3 High School,No
China,Fuzhou,Sedbergh School,No
China,Ganzhou,Ganzhou Wenqing Foreign Languages School,Yes
China,Guangdong,Foshan Weide Foreign Language Experimental School,Yes
China,Guangzhou,Alcanta International College,No
China,Guangzhou,Britannia International School Guangzhou,No
China,Guangzhou,British School of Guangzhou,No
China,Guangzhou,Fok Ying Tung High School,No
China,Guangzhou,Guangzhou Huadu District Huangguang Primary School,No
China,Guangzhou,Guangzhou Huangguang Affiliated School,No
China,Guangzhou,Guangzhou Huangguang Middle School,Yes
China,Guangzhou,Guangzhou SCA School,No
China,Guangzhou,ISA Wenhua High School Co Ltd Of Guangzhou,No
China,Guangzhou,Minxin Hong Kong School (Guangzhou Nansha),No
China,Guangzhou,ULink College Guangzhou,Yes
China,Guangzhou,Yew Wah International Education School of Guangzhou,Yes
China,Guiyang,BIBA GUIYANG CAMPUS,Yes
China,Guiyang,Guiyang Happy Valley International Experimental School,No
China,Guiyang,Guiyang Jianqiao School,Yes
China,Guiyang,Guiyang Prime International School of No.1 High School,Yes
China,Guiyang,No.1 High School Of Guiyang,No
China,Haikou,Hainan Middle School,Yes
China,Haikou,Harrow School Haikou,No
China,Haikou,"Yingya St. Peter's School, Haikou",No
China,Hangzhou,HANGZHOU DIPONT SCHOOL OF ARTS & SCIENCE,No
China,Hangzhou,Hangzhou Entel Foreign Language School,No
China,Hangzhou,HANGZHOU FOREIGN LANGUAGE SCHOOL,No
China,Hangzhou,Hangzhou Greentown Yuhua Qinqin School,Yes
China,Hangzhou,Hangzhou No.4 High School,No
China,Hangzhou,Hangzhou Wickham International School,Yes
China,Hangzhou,Hangzhou Xizi Experimental School,Yes
China,Hangzhou,Hiba Academy Hangzhou,No
China,Hangzhou,HZ2HS Tianyuan Huilan School,No
China,Hangzhou,"OLIVE TREE INTERNATIONAL ACADEMY, BFSU",No
China,Hangzhou,Shanghai Foreign Language School Affiliated to SISU Hangzhou,No
China,Hangzhou,Wahaha Bilingual School Hangzhou,Yes
China,Hangzhou,Wycombe Abbey School Hangzhou,No
China,Harbin,Middle School Attached To Harbin Institute of Technology,No
China,Hefei,Hefei 168 High School,Yes
China,Hefei,Hefei No. 6 High School,Yes
China,Hefei,Hefei No.1 High School,No
China,Hefei,Hefei Thomas School,No
China,Hefei,Hefei Xinhua Academy,No
China,Hefei,Shanghai United International School Hefei Campus,No
China,Huaian,Nanjing Foreign Language School Huaian Campus,Yes
China,Huizhou,Huizhou Dayawan Foreign Language Experimental School,Yes
China,HuiZhou,SILVER BEACH SCHOOL,No
China,Huzhou,Anji Lanrun Angel Foreign Language Experimental School,Yes
China,Huzhou,Huzhou South Taihu Bilingual School,Yes
China,Jiangbei,Lucton School Chongqing,No
China,Jiaxing,NAS Jiaxing,No
China,Jinan,High School Attached to Shandong Normal University,Yes
China,Jinan,Ji Nan Foreign Language School,Yes
China,Jinan,Ji'nan Licheng No.1 Middle School,Yes
China,Jinan,Jinan Thomas School,Yes
China,Jinan,Jinan Xinhang Experimental Foreign Language School,Yes
China,Jinan,Shandong Experimental High School (SEHS),Yes
China,Jingjiang,JIANGSU JINGJIANG SENIOR MIDDLE SCHOOL,Yes
China,Jinhua,Adcote School Zhezhong Campus,Yes
China,Jinhua,Jinhua Jiangnan High School,No
China,Jinhua,New Oriental Academy High School Jinhua,No
China,Jinhua,Yiwu International Academy,No
China,Jining,Jining Confucius School,No
China,Jinjiang,Jinjiang Yangzheng Middle School,No
China,Jinzhong,BEIJING NEW ESSENCE JINZHONG ACADEMY,No
China,Jinzhong City,Yuci Longhu School,No
China,Jurong,Jurong Country Garden School,Yes
China,Kaifeng,Kaifeng Liyang Foreign Language School,Yes
China,Kunming,Kunming No. 1 High School,No
China,Langfang,Yitian Hudson School(Lang Fang),Yes
China,Lianyungang,Guanyun Senior High School,No
China,Lingshui,Lingshui Blue Bay Future Leadership Academy,Yes
China,Linhai,LINHAI FOREIGN LANGUAGE SCHOOL,No
China,Nanchang,Attached Middle School to Jiangxi Normal University,Yes
China,Nanchang,Jiangxi University of Technology High School,No
China,Nanchang,Qihua Academy Nanchang,Yes
China,Nanchang,Teensen Genesis School,No
China,Nanjing,EtonHouse International School Nanjing,Yes
China,Nanjing,HT Nanjing Impact Academy,No
China,Nanjing,JINLING HIGH SCHOOL,No
China,Nanjing,Nanjing Dongshan Foreign Language School,Yes
China,Nanjing,Nanjing Fangshan Foreign Language School,No
China,Nanjing,NANJING FOREIGN LANGUAGE SCHOOL,No
China,Nanjing,Nanjing Gemdale Future School,No
China,Nanjing,Nanjing Hankai Academy,Yes
China,Nanjing,Nanjing Jiangning Binjiang Foreign Language School,Yes
China,Nanjing,Nanjing Tangshan Weiya Experimental School,No
China,Nanjing,Nanjing Thomas School,No
China,Nanjing,NJFLS YUHUA INTERNATIONAL ACADEMY,Yes
China,Nanjing,THE BRITISH SCHOOL OF NANJING,Yes
China,Nanjing,Times College Nanjing,No
China,Nanning,Nanning No. 2 High School,No
China,Nantong,Hiba Academy Nantong,No
China,Nantong,JIANGSU QIDONG SENIOR HIGH SCHOOL,Yes
China,Nantong,Nantong Lunhua Senior High School,Yes
China,Nantong,Nantong No.1 High School of Jiangsu Province,No
China,Nantong,Nantong Stalford International School,Yes
China,Nantong,NAS Nantong,No
China,Nantong,"RUGAO INTERNATIONAL ACADEMY, BFSU",No
China,Ningbo,HD Ningbo School,Yes
China,Ningbo,Ningbo British International School,Yes
China,Ningbo,Ningbo Foreign Language School,Yes
China,Ningbo,Ningbo Qianwan New District Xingyuan High School,Yes
China,Ningbo,Ningbo Xiaoshi High School,No
China,Ningbo,The University Of Nottingham Ningbo China,Yes
China,Ningbo,UNNC AHS,No
China,Ningbo,Zhejiang Ningbo Concordia School for Children of Foreign Personnel,Yes
China,Ningbo,"Zhen Hai High School of Ningbo,Zhejiang",No
China,Pinghu,"Cardiff And Vale College, Pinghu",Yes
China,Qidong,Qidong Qidi Foreign Language School,No
China,Qingdao,Hongwen School Qingdao Campus,Yes
China,Qingdao,Malvern College Qingdao,Yes
China,Qingdao,Milton International School,No
China,Qingdao,New Oriental Academy Qingdao,Yes
China,Qingdao,Qingdao Academy,No
China,Qingdao,Qingdao Affiliated School to University of Chinese Academy of Science of Sciences,Yes
China,Qingdao,Qingdao Galaxy International School,Yes
China,Qingdao,Qingdao MINGDE School,No
China,Qingdao,Qingdao No.58 High School,No
China,Qingdao,"School Of Continuing Education, Ocean University Of China",No
China,Qingdao,The Yehudi Menuhin School Qingdao,No
China,Qingdao,Yew Chung International School of Qingdao,No
China,Quanzhou,Quanzhou No.5 Middle School,No
China,Quzhou,QUZHOU FOREIGN LANGUAGE SCHOOL,Yes
China,Rizhao,Rizhao Shan Hai High School,No
China,Sanya,Sanya Foreign Language School,Yes
China,Sanya,The International School of Sanya,Yes
China,Shanghai,Adcote School Shanghai,No
China,Shanghai,Britannica International School Shanghai,No
China,Shanghai,Dehong Shanghai International Chinese School,Yes
China,Shanghai,Dulwich College Shanghai Pudong,No
China,Shanghai,Dulwich College Shanghai Puxi,No
China,Shanghai,"Harrow International School, Shanghai",No
China,Shanghai,HD Shanghai School,Yes
China,Shanghai,Hiba Academy Shanghai,Yes
China,Shanghai,HIGH SCH. AFF. TO SHANGHAI JIAO UNI,No
China,Shanghai,Jinrui School Shanghai,No
China,Shanghai,Living Word School,Yes
China,Shanghai,Lucton School Shanghai,No
China,Shanghai,Nord Anglia Chinese International School,No
China,Shanghai,Nord Anglia International School Shanghai,No
China,Shanghai,Pudong Huayao High School,Yes
China,Shanghai,Shanghai Arete Bilingual School,No
China,Shanghai,Shanghai Baoshan Huayao High School,No
China,Shanghai,Shanghai Baoshan WLSA School (WLSA Shanghai Academy),Yes
China,Shanghai,Shanghai Baoshan World Foreign Language School,No
China,Shanghai,Shanghai Concord Bilingual School,No
China,Shanghai,Shanghai Concord Bilingual School Pudong,Yes
China,Shanghai,Shanghai Creative Arts High School,Yes
China,Shanghai,SHANGHAI DIANSHANHU GUANGHUA COLLEGE,Yes
China,Shanghai,Shanghai Experimental Foreign Language School,Yes
China,Shanghai,Shanghai Experimental School,Yes
China,Shanghai,Shanghai Fengxian Bohua Senior High School,Yes
China,Shanghai,Shanghai Gezhi High School,No
China,Shanghai,Shanghai Gold Apple School,Yes
China,Shanghai,Shanghai Guanghua College,Yes
China,Shanghai,Shanghai Guanghua College Fudan Campus,Yes
China,Shanghai,SHANGHAI GUANGHUA COLLEGE YANGPU CAMPUS,No
China,Shanghai,Shanghai Hongrun Boyuan School,Yes
China,Shanghai,Shanghai Hongwen School,No
China,Shanghai,Shanghai International High School of BANZ,Yes
China,Shanghai,Shanghai International Studies University Litai College A-Level Center,Yes
China,Shanghai,Shanghai Koller Foreign Language School,No
China,Shanghai,Shanghai Liaoyuan Private Bilingual High School (Lybs),Yes
China,Shanghai,Shanghai Macduffie Bilingual High School,Yes
China,Shanghai,Shanghai New Epoch Bilingual School,Yes
China,Shanghai,Shanghai Normal University Tianhua College,No
China,Shanghai,Shanghai North America International School (Nais),Yes
China,Shanghai,Shanghai Pinghe School,No
China,Shanghai,Shanghai Pudong Dongding Foreign Language School,Yes
China,Shanghai,Shanghai Qibao Dwight High School,No
China,Shanghai,Shanghai Shangde Experimental School,No
China,Shanghai,Shanghai Shenghua Zizhu Bilingual School,No
China,Shanghai,Shanghai Singapore International School (SSIS),No
China,Shanghai,Shanghai Thomas School,No
China,Shanghai,Shanghai United International School - Gubei Campus,No
China,Shanghai,Shanghai United International School - Jiaoke Campus,No
China,Shanghai,Shanghai United International School - Pudong Campus,No
China,Shanghai,Shanghai United International School Peiming Campus,Yes
China,Shanghai,Shanghai United International School Qingpu Campus,No
China,Shanghai,Shanghai Weiyu International School,No
China,Shanghai,Shanghai Wenlai International School,Yes
China,Shanghai,Shanghai World Foreign Language Academy,No
China,Shanghai,Shanghai Yangpu Bilingual School,No
China,Shanghai,Shanghai Zeolym High School,Yes
China,Shanghai,Shenghua Zizhu Academy,No
China,Shanghai,SISU Xiwai International School,Yes
China,Shanghai,SUIS Pudong - Sanlin Campus,Yes
China,Shanghai,The British International School Shanghai (Puxi Campus),No
China,Shanghai,Ulink College of Shanghai,No
China,Shanghai,Vanke Bilingual School - High School,No
China,Shanghai,Vanke School Pudong,No
China,Shanghai,Wellington College International Shanghai,No
China,Shanghai,Xianda College British A-Level Centre,Yes
China,Shanghai,Yew Chung International School of Shanghai,Yes
China,Shanghai,Yew Chung International School Shanghai,No
China,Shanghai,Yew Wah School of Shanghai Changning,No
China,Shanghai,"Yew Wah School of Shanghai Changning, Lingang Campus",No
China,Shanghai,YK Pao School,No
China,Shanwei,Shenzhen Middle School of Mathematics and Physics,No
China,Shenzhen,China-UK College,Yes
China,Shenzhen,Funful Bilingual School,Yes
China,Shenzhen,Fuyuan British American School,No
China,Shenzhen,Harrow International School Qianhai Shenzhen,Yes
China,Shenzhen,Longcheng High School,Yes
China,Shenzhen,Merchiston International School,No
China,Shenzhen,Nanshan Chinese International College,No
China,Shenzhen,Normal College of Shenzhen University,No
China,Shenzhen,Sendelta International Academy Shenzhen,No
China,Shenzhen,Shenzhen College of International Education,No
China,Shenzhen,Shenzhen Fujing Foreign Language School,No
China,Shenzhen,Shenzhen Hankai School of Maths and Science,No
China,Shenzhen,Shenzhen Hong Kong Pui Kiu College Longhua Xinyi School,No
China,Shenzhen,Shenzhen Hualang School,Yes
China,Shenzhen,Shenzhen Middle School,No
China,Shenzhen,Shenzhen Nanshan Foreign Language Senior High School,No
China,Shenzhen,Shenzhen Senior High School,No
China,Shenzhen,Shenzhen Vanke Meisha Academy,Yes
China,Shenzhen,Shenzhen Yaohua Experimental School,Yes
China,Shenzhen,Shenzhen Zhan Hua Experimental School,No
China,Shenzhen,The Affiliated International School(Yhv) Of Shenzhen University,No
China,Shenzhen,The King's School Qianhai Shenzhen,No
China,Shenzhen,The No.3 Senior High School of Shenzhen,Yes
China,Shijiazhuang,Brilliant Light School,Yes
China,Shijiazhuang,Shijiazhuang Camford Royal School,Yes
China,Suzhou,Adcote School Suzhou,Yes
China,Suzhou,"Dulwich College, Suzhou",No
China,Suzhou,"Dulwich International High School,Suzhou",Yes
China,Suzhou,Kunshan Kuncheng Foreign Language School,Yes
China,Suzhou,Mountain Kingston Bilingual School,No
China,Suzhou,Nanjing Normal University Suzhou Experimental School,No
China,Suzhou,"Nord Anglia School Suzhou, Xiangcheng",No
China,Suzhou,Overseas Chinese Academy of Chiway Suzhou,No
China,Suzhou,Soochow Foreign Language School,No
China,Suzhou,Suzhou City Wuzhong District Wuzhong Foreign Language Senior High School,No
China,Suzhou,SUZHOU EXPERIMENTAL HIGH SCHOOL,No
China,Suzhou,Suzhou Foreign Language School,No
China,Suzhou,Suzhou Industrial Park Foreign Language School,No
China,Suzhou,Suzhou Industrial Park Xinghai Experimental High School,Yes
China,Suzhou,"Suzhou International Academy, BFSU",No
China,Suzhou,Suzhou International Foreign Language School,No
China,Suzhou,Suzhou No.1 High School of Jiangsu Province,Yes
China,Suzhou,Suzhou No.3 High School,No
China,Suzhou,Suzhou Science and Technology Town Foreign Language High School,No
China,Suzhou,Suzhou Wujiang District Shiheng School,Yes
China,Suzhou,Suzhou Wuzhong Xipu Affiliated School,No
China,Suzhou,Suzhou Xin Caoqiao Middle School,Yes
China,Suzhou,Ulink High School of Suzhou Industrial Park,No
China,Tai'an,Shandong Taian No 2 High School,Yes
China,Taishan,TAISHAN COUNTRY GARDEN SCHOOL,Yes
China,Taizhou,TAIZHOU HIGH SCHOOL JIANGSU,No
China,Taizhou,Taizhou No. 1 Foreign Language School,No
China,Taizhou,Taizhou Phoenix Art School,Yes
China,Tangshan,Tangshan Oriental School,Yes
China,Tianjin,BEIJING INTL. BILINGUAL ACADEMY-TIANJIN,Yes
China,Tianjin,TIANJIN GUANGHUA COLLEGE,No
China,Tianjin,Tianjin Liuli Senior High School,Yes
China,Tianjin,Wellington College International Tianjin,Yes
China,Tianjin,Yinghua Academy of Tianjin,No
China,Tongxiang,Yew Wah International Education School Tongxiang,No
China,Ürümqi,URUMQI FOREIGN LANGUAGE SCHOOL,No
China,Weihai,Weihai Wisdom Valley Secondary School Ivy College,Yes
China,Weihai,Weihai Zhongshi Foreign School,No
China,Wenzhou,Wenzhou Foreign Language Senior High School,No
China,Wenzhou,WENZHOU GUANGHUA COLLEGE,No
China,Wenzhou,Wenzhou Semir United International School,No
China,Wuhan,International Department of Wuhan No.6 High School,No
China,Wuhan,ISA Wuhan International School Co. Ltd,No
China,Wuhan,Wuhan Britain-China School,No
China,Wuhan,Wuhan Cogdel Cranleigh High School,No
China,Wuhan,Wuhan Haidian Foreign Language Shiyan School,No
China,Wuhan,Wuhan Jingkai Foreign Language High School,No
China,Wuhan,Wuhan Optics Valley Ulink School,No
China,Wuxi,Big Bridge Academy,Yes
China,Wuxi,JIANGSU MEICUN SENIOR HIGH SCHOOL,Yes
China,Wuxi,Jiangyin Foreign Language School,Yes
China,Wuxi,WUXI DIPONT SCHOOL OF ARTS AND SCIENCE,Yes
China,Wuxi,Wuxi Foreign Language School,No
China,Wuxi,Wuxi Guanghua Private School,No
China,Wuxi,Wuxi Huatian Bilingual School,No
China,Wuxi,Wuxi Jinqiao Bilingual Experimental School,No
China,Wuxi,Wuxi No 1 High School,No
China,Wuxi,Wuxi United International School,No
China,Xiamen,Chiway Repton High School Xiamen,Yes
China,Xiamen,Manila Xiamen International School,No
China,Xiamen,Xiamen ECNU Xiping Bilingual High School,No
China,Xiamen,Xiamen Institute of Technology Attached School,Yes
China,Xiamen,Xiamen ITG-SUIS High School,Yes
China,Xiamen,Xiamen Yingcai School,No
China,Xi'an,SSFBC: the High School Affiliated To Shaanxi Normal University,No
China,Xi'an,Xi'An Bo Ai School,Yes
China,Xi'an,XIAN GAOXIN NO.1 MIDDLE SCHOOL,No
China,Xi'an,Xian Hanova International School,Yes
China,Xi'an,Xi'An Middle School of Shaanxi Province,No
China,Xi'an,Xi'An Nankai High School,No
China,Xi'an,Xi'An Tie Yi International Cooperative School,No
China,Xi'an,Xi'An Veritas School,Yes
China,Xinxiang,THE AFF'D MID'SCHOOL OF HENAN NORMALUNI,No
China,Xuzhou,Xuzhou Peidong Experimental School,Yes
China,Yancheng,Nanjing Normal University Yancheng Experimental School,Yes
China,Yancheng,YANCHENG FOREIGN LANGUAGE SCHOOL,Yes
China,Yantai,Yew Wah School Of Yantai ETDZ,No
China,Yichang,"Yichang International School, Longpanhu",Yes
China,Yichang,Yichang Yiling Tianwen School,No
China,Yiwu,Yiwu Qunxing Foreign Language School,No
China,Yixing,Yixing High School Jiangsu Province,No
China,Yuncheng,SHANXI ROYAL SCHOOL,No
China,Zaozhuang,Shandong Zaozhuang No. 3 Middle School,Yes
China,Zhangjiagang,IVY EXPERIMENTAL SCHOOL,No
China,Zhengzhou,Glocal Elite International School,Yes
China,Zhengzhou,No.1 Middle School of Zhengzhou,Yes
China,Zhengzhou,Zhengzhou Education Foreign Exchanging Association,Yes
China,Zhengzhou,Zhengzhou Foreign Language School,Yes
China,Zhengzhou,Zhengzhou No. 11 High School,No
China,Zhengzhou,Zhengzhou No. 47 Senior High School,Yes
China,Zhengzhou,Zhengzhou No.1&8 United International School,Yes
China,Zhengzhou,Zhengzhou No.7 Senior High School,Yes
China,Zhenjiang,Zhenjiang First Foreign Language School,Yes
China,Zhongshan,China (Hong Kong) English School,No
China,Zhongshan,Zhongshan City Hong Ke Wei Lai School,Yes
China,Zhongshan,Zhongshan Huachen Experimental Secondary School,No
China,Zhongshan,Zhongshan Sanxin School,Yes
China,Zhuhai,Dulwich International High School Zhuhai,Yes
China,Zhuhai,Harrow LiDe School Hengqin (High School),No
China,Zhuhai,Hengqin Yung Wing School,No
China,Zhuji,"Zhuji Hailiang Foreign Language High School Co.,Ltd",Yes
China,Zhuji,Zhuji Ronghuai School,No
China,Zibo,Zibo International Academy at Hi-Tech Zone,Yes
China,Zibo,Zibo Yucai Collins International Centre,Yes
Colombia,Barrancabermeja,ASPAEN COLEGIO EL ROSARIO,No
Colombia,Barrancabermeja,INSTITUCIÓN EDUCATIVA INFANTAS,No
Colombia,Barrancabermeja,LUIS LÓPEZ DE MESA SCHOOL,No
Colombia,Barranquilla,ASPAEN GIMNASIO ALTA MAR BILINGUE,No
Colombia,Barranquilla,ASPAEN GIMNASIO LOS CORALES,No
Colombia,Barranquilla,British International School,No
Colombia,Barranquilla,COLEGIO MARYMOUNT BARRANQUILLA,No
Colombia,Bogota,AMERICAN GARDEN,No
Colombia,Bogotá,ASPAEN GIMNASIO IRAGUA,No
Colombia,Bogotá,"COLEGIO BILINGUE CLERMONT, BOGOTA",No
Colombia,Bogotá,COLEGIO BILINGÜE HISPANOAMERICANO,Yes
Colombia,Bogotá,COLEGIO COLOMBO HEBREO,No
Colombia,Bogotá,Colegio Gran Bretana,No
Colombia,Bogotá,COLEGIO NUEVA INGLATERRA-NEW ENGLANDSCH,No
Colombia,Bogotá,COLEGIO SAN BARTOLOME LA MERCED,No
Colombia,Bogotá,COLEGIO SAN JORGE DE INGLATERRA,No
Colombia,Bogotá,COLOMBO AMERICAN SCHOOL,No
Colombia,Bogotá,FUNDACION COLEGIO SANTA MARIA,No
Colombia,Bogotá,GIMNASIO COLOMBO BRITANICO,No
Colombia,Bogotá,LICEO DE COLOMBIA,No
Colombia,Bogotá,MONTESSORI BRITISH SCHOOL,No
Colombia,Bogotá,SAN MATEO APÓSTOL SCHOOL,No
Colombia,Bucaramanga,ASPAEN GIMNASIO CANTILLANA,No
Colombia,Bucaramanga,ASPAEN GIMNASIO SAUCARA,No
Colombia,Bucaramanga,COLEGIO BILINGUE DIVINO NINO,No
Colombia,Cali,COL DEL SAGRADO CORAZÓN VALLE DE LILI,No
Colombia,Cali,COLEGIO INGLES DE LOS ANDES,No
Colombia,Cali,GIMNASIO LA COLINA,No
Colombia,Cali,LAURETTA BENDER BILINGUAL SCHOOL,No
Colombia,Cartagena,ASPAEN GIMNASIO CARTAGENA,No
Colombia,Cartagena,ASPAEN GIMNASIO CARTAGENA DE INDIAS,No
Colombia,Cartagena,GIMNASIO ALTAIR DE CARTAGENA,No
Colombia,Chia,GIMNASIO CAMPESTRE PARA LA EDUC INTEGRAL,Yes
Colombia,Cota,COLEGIO BILINGUE JOSE MAX LEON,No
Colombia,Dosquebradas,Colegio Salesiano San Juan Bosco,Yes
Colombia,La Calera,COLEGIO LA COLINA,Yes
Colombia,Manizales,ASPAEN GIMNASIO HORIZONTES,No
Colombia,Manizales,ASPAEN GIMNASIO LOS CEREZOS,No
Colombia,Medellín,COLEGIO MONTESSORI,No
Colombia,Medellín,COLEGIO PINARES ALTOVERDE,Yes
Colombia,Medellín,CORPORACION MARYMOUNT DE MEDELLIN,No
Colombia,Rionegro,COLEGIO CAMPESTRE HORIZONTES,No
Colombia,Tenjo,GIMNASIO CAMPESTRE REINO BRITÁNICO,No
Costa Rica,Flores,Trinity School S.A.,No
Costa Rica,San José,The British School of Costa Rica,Yes
Costa Rica,Santa Ana,International St. Jude School,No
Costa Rica,Santa Ana,Tree Of Life International School,Yes
Cote D'Ivoire,Abidjan,Hills View International School,Yes
Cote D'Ivoire,Abidjan,International Bilingual Schools of Africa,Yes
Cote D'Ivoire,Abidjan,International English School of Abidjan - Primary School and Nursery School,Yes
Cote D'Ivoire,Abidjan,International English School of Abidjan - Secondary School,Yes
Cote D'Ivoire,Abidjan,Morning Glory International School,No
Croatia,Zagreb,International British School - Bright Horizons,Yes
Croatia,Zagreb,Osnovna Montessori Skola Barunice Dedee Vranyczany,No
Croatia,Zagreb,The British International School Of Zagreb,No
Croatia,Zagreb,"X Gimnazija Ivan Supek, Zagreb",Yes
Cuba,Havana,International School of Havana,Yes
Curacao,Willemstad,Curacao Advanced International Secondary School,Yes
Cyprus,Aradippou,PASCAL International Education Larnaka,Yes
Cyprus,Kyrenia,19 MAYIS TURK MAARIF KOLEJI,Yes
Cyprus,Kyrenia,DOGA INTERNATIONAL SCHOOLS,Yes
Cyprus,Kyrenia,English School of Kyrenia,Yes
Cyprus,Larnaca,American Academy,No
Cyprus,Larnaca,MED HIGH PRIVATE ENGLISH SCHOOL,Yes
Cyprus,Larnaca,The English School,No
Cyprus,Limassol,Golden Oak Private School,Yes
Cyprus,Limassol,Kidsperience Preschool,No
Cyprus,Limassol,Logos School of English Education,No
Cyprus,Limassol,PASCAL International Education Lemesos,No
Cyprus,Limassol,Private School Neo Study Ukraine Limited,No
Cyprus,Limassol,Roots Preschool,No
Cyprus,Limassol,The Heritage Private School,No
Cyprus,Nicosia,AMERICAN ACADEMY NICOSIA,Yes
Cyprus,Nicosia,International School Of Nicosia,Yes
Cyprus,Nicosia,Near East College,Yes
Cyprus,Nicosia,NECAT BRITISH COLLEGE,Yes
Cyprus,Nicosia,"NECAT BRITISH COLLEGE, NICOSIA",Yes
Cyprus,Nicosia,PASCAL International Education Lefkosia,No
Cyprus,Nicosia,TED NORTHERN CYPRUS COLLEGE,No
Cyprus,Nicosia,The G C School of Careers,No
Cyprus,Nicosia,The Senior School,Yes
Cyprus,Nicosia,TURK MAARIF KOLEJI,No
Cyprus,Ortaköy,Levent College,Yes
Cyprus,Paphos,Digipro Education Ltd,Yes
Cyprus,Paphos,The International School of Paphos,No
Cyprus,Paralimni,Xenion High School,No
Czech Republic,Hluboká nad Vltavou,Townshend International School,Yes
Czech Republic,Liberec,"Doctrina - Základní škola a mateřská škola, Liberec",Yes
Czech Republic,Olomouc,International School Olomouc,Yes
Czech Republic,Prague,Dino Schools of Prague,No
Czech Republic,Prague,Park Lane International School,Yes
Czech Republic,Prague,"Perrott Hill British School, Prague",Yes
Czech Republic,Prague,Riverside International School,No
Czech Republic,Prague,The English College In Prague,No
Czech Republic,Prague,"The Prague British International School, s.r.o.",No
Czech Republic,Prague,Zakladni Skola A Gymnazium Livingston S.R.O.,Yes
Czech Republic,Zlin,"Orbis, Materská Skola, Zakladni SkolaA Strední Skola, S.R.O.",Yes
Denmark,Aalborg,SCT. MARIÆ SKOLE,Yes
Denmark,Aalborg,Skipper Clement School International Department,No
Denmark,Aarhus,INTERSKOLEN,No
Denmark,Aarhus,RISSKOV EFTERSKOLE,Yes
Denmark,Bagsværd,Bagsvaerd Kostskole Og Gymnasium,No
Denmark,Bjerringbro,HEDEMOLLE EFTERSKOLE,No
Denmark,Copenhagen,Bjorn's International School,No
Denmark,Copenhagen,Institut Sankt Joseph,No
Denmark,Copenhagen,Rygaards International School,Yes
Denmark,Fårevejle,ODSHERREDS EFTERSKOLE,No
Denmark,Galten,KLANK EFTERSKOLE,No
Denmark,Haarby,HAARBY EFTERSKOLE,Yes
Denmark,Hillerød,Marie Mørks Skole,Yes
Denmark,Hjorring,HALVORSMINDE EFTERSKOLE OG FRI FAGSKOLE,Yes
Denmark,Holbæk,STENHUS KOSTSKOLE,No
Denmark,Holbaek,Holbaek 10. Klassecenter,No
Denmark,Hørning,HØJBOSKOLEN,Yes
Denmark,Hornsyld,BGI AKADEMIET,No
Denmark,Hørsholm,North Zealand International School,Yes
Denmark,Ikast,International School Ikast-Brande,Yes
Denmark,Juelsminde,HELLEBJERG IDRAETSEFTERSKOLE,No
Denmark,København,INGRID JESPERSENS GYMNASIESKOLE,Yes
Denmark,Kongens Lyngby,LYNGBY FRISKOLE,No
Denmark,Lejre,OSTED EFTERSKOLE,No
Denmark,Løgumkloster,SPORTSEFTERSKOLEN SINE,No
Denmark,Lundby,LUNDBY EFTERSKOLE,No
Denmark,Mariager,SKRØDSTRUP EFTERSKOLE,No
Denmark,Maribo,Lolland International School,No
Denmark,Middelfart,Eisbjerghus Internationale Efterskole,No
Denmark,Nykøbing Sjælland,IDRAETSEFTERSKOLEN KLINTSOGAARD,No
Denmark,Odense,Odense International School,No
Denmark,Ranum,Ranum Efterskole,Yes
Denmark,Rønde,ROENDE EFTERSKOLE,No
Denmark,Rønde,RONDE PRIVATSKOLE,No
Denmark,Roskilde,Skt. Josef's School,No
Denmark,Roslev,SALLING EFTERSKOLE,No
Denmark,Ryomgård,RYOMGAARD REALSKOLE,No
Denmark,Ryslinge,RYSLINGE EFTERSKOLE,No
Denmark,Silkeborg,SILKEBORG UNGDOMSSKOLE,No
Denmark,Skærbæk,Rejsby Europaeiske Efterskole,Yes
Denmark,Skals,SKALS SKOLE,No
Denmark,Skanderborg,UCS10 SKANDERBORG,No
Denmark,Skjern,SAEDDING EFTERSKOLE,No
Denmark,Solrød Strand,SOLRØD GYMNASIUM,Yes
Denmark,Sønderborg,Sonderborg International School,Yes
Denmark,Sorø,SORØ PRIVATSKOLE,No
Denmark,Strib,STRIB IDRAETSEFTERSKOLE,No
Denmark,Toftlund,Studenterkurset Og Kostskolen I Sonderjylland,No
Denmark,Ulfborg,Vederso Idraetsefterskole,Yes
Denmark,Varde,VARDEEGNENS GYM. EFTERSKOLE,No
Denmark,Vejle,VEJLE PRIVATSKOLE,No
Denmark,Vester Skerninge,OLLERUP EFTERSKOLE,No
Denmark,Viborg,VIBORG PRIVATE REALSKOLE INTER DEPART,No
Denmark,Vojens,VOJENS GYMNASTIK-OG IDRÆTSEFTERSKOLE,No
Dominican Republic,Santo Domingo,VOJENS GYMNASTIK-OG IDRÆTSEFTERSKOLE,No
Ecuador,Quito,The British School Quito,Yes
Egypt,6th of October,CONTINENTAL PALACE INTERNATIONAL SCHOOL,No
Egypt,6th of October,DR. NERMIEN ISMAIL BRITISH SCH OCT CAMP,No
Egypt,6th of October,INTERNATIONAL KINGDOM COLLEGE,No
Egypt,6th of October,SCHOLARS INTERNATIONAL LANGUAGE SCHOOL,No
Egypt,6th of October City,KENT COLLEGE WEST CAIRO,No
Egypt,6th of October City,MAVERICKS INTERNATIONAL SCHOOL,No
Egypt,Al Shorouk,GHERIANY INTERNATIONAL SCHOOL,No
Egypt,Alexandria,ALEXANDRIA HOUSE OF ENGLISH,No
Egypt,Alexandria,ALEXANDRIA INTERNATIONAL SCHOOL,No
Egypt,Alexandria,ANTONIADIS INTERNATIONAL SCHOOL,No
Egypt,Alexandria,Arab Academy for Science & Technology,Yes
Egypt,Alexandria,BRILLIANCE BRITISH SCHOOL,Yes
Egypt,Alexandria,CITY INTERNATIONAL SCHOOL,No
Egypt,Alexandria,DREAM LANGUAGE SCHOOL,No
Egypt,Alexandria,EGYPTIAN ENGLISH LANGUAGE SCHOOL,No
Egypt,Alexandria,EVEREST INTERNATIONAL SCHOOL,No
Egypt,Alexandria,FORSAN BRITISH SCHOOL,No
Egypt,Alexandria,GEMS ACADEMY,No
Egypt,Alexandria,GENIUS INTERNATIONAL SCHOOL,No
Egypt,Alexandria,HARVARD INTERNATIONAL SCHOOL,No
Egypt,Alexandria,HARVEST INTERNATIONAL SCHOOLS,No
Egypt,Alexandria,INNOVATION INTERNATIONAL SCHOOL,No
Egypt,Alexandria,INTERNATIONAL BRITISH SCHOOL ALEXANDRIA,No
Egypt,Alexandria,INTERNATIONAL LIBERTY SCHOOL,No
Egypt,Alexandria,KAUMEYA INTERNATIONAL SCHOOL (KLS),No
Egypt,Alexandria,KAUMEYA INTL SCHOOL - KING MARIOUT,No
Egypt,Alexandria,KAUMEYA PRIVATE INTERNATIONAL SCHOOL,No
Egypt,Alexandria,NEW EL QUDS INTERNATIONAL SCHOOL,No
Egypt,Alexandria,NEW FUTURE INTERNATIONAL SCHOOL,No
Egypt,Alexandria,NEW PIONEERS INTERNATIONAL SCHOOL,No
Egypt,Alexandria,"PRINCESSES GIRLS SCHOOL, ALEXANDRIA",No
Egypt,Alexandria,RIYADA LANGUAGE SCHOOL,No
Egypt,Alexandria,SALAHALDIN INTERNATIONAL SCHOOL,No
Egypt,Alexandria,SMART INTERNATIONAL SCHOOLS,No
Egypt,Alexandria,"THE BRITISH SCHOOL, ALEXANDRIA",No
Egypt,Alexandria,THE EGYPTIAN BRITISH INTERNAT'L SCHOOL,No
Egypt,Alexandria,THE EUROPEAN SCHOOLS OF ALEXANDRIA,No
Egypt,Alexandria,UNITED INTERNATIONAL SCHOOL (UIS),No
Egypt,Badr City,CARDIFF MODERN SCHOOL,No
Egypt,Badr City,UTOPIA INTERNATIONAL SCHOOL,No
Egypt,Cairo,AL AMAL SCHOOL,No
Egypt,Cairo,AL BASHAER SCHOOL,No
Egypt,Cairo,AL HODA INTERNATIONAL SCHOOL,No
Egypt,Cairo,AL HOSSAM INTERNATIONAL SCHOOL,No
Egypt,Cairo,AL KARMA INTERNATIONAL SCHOOL,No
Egypt,Cairo,AL ROWAD LANGUAGE SCHOOL,No
Egypt,Cairo,ASPIRE INTERNATIONAL SCHOOL,No
Egypt,Cairo,ASTEN BRITISH INTERNATIONAL COLLEGE,No
Egypt,Cairo,BRIGHTON BRITISH SCHOOL,No
Egypt,Cairo,BRITISH CITY COLLEGE,No
Egypt,Cairo,BRITISH INTERNATIONAL COLLEGE OF CAIRO,No
Egypt,Cairo,BRITISH INTERNATIONAL MODERN SCHOOL,No
Egypt,Cairo,BRITISH MODERN SCHOOL,No
Egypt,Cairo,BRITISH RAMSES SCHOOL,No
Egypt,Cairo,CADMUS INTERNATIONAL SCHOOL NEW CAPITAL,No
Egypt,Cairo,CAIRO BRITISH COLLEGE (VICTORIA),No
Egypt,Cairo,CAIRO BRITISH SCHOOL,No
Egypt,Cairo,CAPITAL INTERNATIONAL SCHOOLS,No
Egypt,Cairo,CITADEL INTERNATIONAL SCHOOL,No
Egypt,Cairo,CONCORD INTERNATIONAL COLLEGE,No
Egypt,Cairo,CONTINENTAL SCHOOL OF CAIRO,No
Egypt,Cairo,DAR EL TARBIAH AGOUZA,No
Egypt,Cairo,DAR EL TARBIAH ZAMALEK,No
Egypt,Cairo,DR NERMIEN ISMAIL LANGUAGE SCHOOLS,No
Egypt,Cairo,EASTLANDS INTERNATIONAL SCHOOL,No
Egypt,Cairo,EGYPT BRITISH INTERNATIONAL SCHOOL,No
Egypt,Cairo,EGYPT INTEGRATED SCHOOL,No
Egypt,Cairo,EGYPTIAN BRITISH INTERNATIONAL SCHOOL,No
Egypt,Cairo,EL ALSSON NEW GIZA,No
Egypt,Cairo,EL-KODSE INTERNATIONAL SCHOOL,No
Egypt,Cairo,ELWY LANGUAGE SCHOOL,No
Egypt,Cairo,ETHOS INTERNATIONAL SCHOOL,No
Egypt,Cairo,Excellence Junior School,Yes
Egypt,Cairo,GENESIS INTERNATIONAL SCHOOLS,No
Egypt,Cairo,GLOBAL ACHIEVERS INTERNATIONAL SCHOOL,No
Egypt,Cairo,GREEN HEIGHTS INTERNATIONAL SCHOOL,No
Egypt,Cairo,GREEN VALLEY SCHOOL,No
Egypt,Cairo,GULF ENGLISH SCHOOL CAIRO,No
Egypt,Cairo,IMPERIAL COLLEGE EGYPT,No
Egypt,Cairo,INDONESIAN SCHOOL IN CAIRO,No
Egypt,Cairo,INT¿L SCH. OF ELITE EDUCATION NEW CAIRO,No
Egypt,Cairo,INTERNATIONAL MODERN SCHOOL SAYED GALAL,No
Egypt,Cairo,INTERNATIONAL SCHOOL OF CHOUEIFAT,No
Egypt,Cairo,INTL SCHOOL OF CHOUEIFAT - 6TH OCT,No
Egypt,Cairo,KING'S SCHOOL THE CROWN,No
Egypt,Cairo,KNOWLEDGE VALLEY SCHOOLS,No
Egypt,Cairo,LEADERS INTERNATIONAL COLLEGE,No
Egypt,Cairo,LONDON COLLEGE,No
Egypt,Cairo,Maadi British International School,No
Egypt,Cairo,MAADI NARMER SCHOOL,No
Egypt,Cairo,MAHARAT SUPER GLOBAL BRITISH INTER. SCH.,No
Egypt,Cairo,MALVERN COLLEGE EGYPT,No
Egypt,Cairo,MANARA LANGUAGE SCHOOL,No
Egypt,Cairo,"MANARA LANGUAGE SCHOOL, MANARA",No
Egypt,Cairo,MANARAT AL FAROUK ISLAMIC LANGUAGE SCH.,No
Egypt,Cairo,MANARAT EL EMAN INTERNATIONAL SCHOOL,No
Egypt,Cairo,MANCHESTER INTERNATIONAL SCHOOL,No
Egypt,Cairo,MANHATTAN INTERNATIONAL SCHOOLS,No
Egypt,Cairo,MANOR HOUSE SCHOOL,No
Egypt,Cairo,MERRYLAND INTERNATIONAL SCHOOL,No
Egypt,Cairo,MIDDLE EAST INTERNATIONAL SCHOOLS,No
Egypt,Cairo,MISR LANGUAGE SCHOOL,No
Egypt,Cairo,MODERN EDUCATION SCHOOL,No
Egypt,Cairo,"Modern English School, Cairo",No
Egypt,Cairo,MODERN LANGUAGE SCHOOL OF EGYPT 2000,No
Egypt,Cairo,MOKATAM SCHOOL,No
Egypt,Cairo,MOON GARDENS INTERNATIONAL SCHOOL,No
Egypt,Cairo,NARMER AMERICAN COLLEGE,No
Egypt,Cairo,NEFERTARI INTERNATIONAL SCHOOL,No
Egypt,Cairo,NEW CAIRO BRITISH INTERNATIONAL SCHOOL,No
Egypt,Cairo,NEW CAPITAL ENGLISH SCHOOLS,No
Egypt,Cairo,NEW HORIZON SCHOOL,No
Egypt,Cairo,NEW OUROBA LANGUAGE SCHOOL,No
Egypt,Cairo,NEW RAMSES COLLEGE,No
Egypt,Cairo,NEWCASTLE INTERNATIONAL SCHOOL (NCIS),No
Egypt,Cairo,NILE SONS INTERNATIONAL SCHOOL,No
Egypt,Cairo,NOOR BRITISH INTERNATIONAL SCHOOL,No
Egypt,Cairo,October Language School (Manor House),No
Egypt,Cairo,OUROBA LANGUAGE SCHOOL,No
Egypt,Cairo,"PAKISTAN INTERNATIONAL SCHOOL, CAIRO",No
Egypt,Cairo,PALM INTERNATIONAL SCHOOL,No
Egypt,Cairo,PORT-SAID SCHOOL,No
Egypt,Cairo,RAJAC LANGUAGE SCHOOL,No
Egypt,Cairo,RAMSES COLLEGE LANGUAGE SCHOOL FOR GIRLS,No
Egypt,Cairo,RAMSES INTERNATIONAL SCHOOL,No
Egypt,Cairo,"REGENT BRITISH SCHOOL, WEST",No
Egypt,Cairo,RENAISSANCE INTERNATIONAL SCHOOL EGYPT,No
Egypt,Cairo,REPTON CAIRO SCHOOL,No
Egypt,Cairo,ROOTS INTERNATIONAL,No
Egypt,Cairo,SAHARA INTERNATIONAL SCHOOL,No
Egypt,Cairo,SAHARA INTERNATIONAL SCHOOL NEW CAPITAL,No
Egypt,Cairo,SAKKARA LANGUAGE SCHOOL,No
Egypt,Cairo,SEVEN PILLARS INTERNATIONAL SCHOOL,No
Egypt,Cairo,SMART VILLAGE SCHOOLS - KIPLING,No
Egypt,Cairo,ST FATIMA INTERNATIONAL SCHOOL,No
Egypt,Cairo,St. Fatima Language School Nasr City,No
Egypt,Cairo,STANFORD INTERNATIONAL SCHOOL,No
Egypt,Cairo,STARS INTERNATIONAL SCHOOL - CAMPUS 3,No
Egypt,Cairo,SUAD KAFAFI INTEGRATED LANG. LEARN. SCH.,No
Egypt,Cairo,Summits International Schools,No
Egypt,Cairo,SUN OF KNOWLEDGE BRITISH INTNL SCH-SBIS,No
Egypt,Cairo,TALAEE EL MOSTAQBAL BRITISH SCHOOL,No
Egypt,Cairo,THE BRITISH INTER. SCHOOL MADINATY,No
Egypt,Cairo,THE BRITISH SCHOOL IN CAIRO,No
Egypt,Cairo,THE BRITISH SCHOOL OF EGYPT,No
Egypt,Cairo,THE BRITISH SCHOOL OF ELITE EDUCATION,No
Egypt,Cairo,THE INTER. SCH. OF ELITE EDUCATION,No
Egypt,Cairo,THE ROYAL BRITISH INTERNATIONAL SCHOOL,No
Egypt,Cairo,THEBES EL MAADI SCHOOL,No
Egypt,Cairo,WINDROSE ACADEMY,No
Egypt,Cairo,WISE INTERNATIONAL SCHOOL,No
Egypt,Damanhour,SANABEL ROSHDY INTERNATIONAL SCHOOL,No
Egypt,Damietta,DAMIETTA INTERNATIONAL SCHOOL,No
Egypt,El Gouna,EL GOUNA INTERNATIONAL SCHOOL,No
Egypt,El Maḥalla,GLORY LANGUAGE SCHOOLS,No
Egypt,Fayoum,SMART INTERNATIONAL SCHOOL EL-FAYOUM,No
Egypt,Giza,EDU PARADIGM INTERNATIONAL COLLEGE,No
Egypt,Giza,EL ALSSON LANGUAGE SCHOOL,No
Egypt,Giza,HIGHLANDS SCHOOL OF EGYPT,No
Egypt,Giza,MAJESTY INTERNATIONAL SCHOOL,No
Egypt,Giza,NEW DISCOVERY INTERNATIONAL SCHOOL,No
Egypt,Giza,NEWCASTLE SCHOOL,No
Egypt,Giza,"The British International School, Cairo (BISC)",No
Egypt,Giza,WINCHESTER BRITISH INTERNATIONAL SCHOOL,No
Egypt,Ismailia,INT ARAB EGYPTIAN SCHOOL ISMAILIA,No
Egypt,Ismailia,The British Int'l School Ismailia,No
Egypt,Luxor,FUTURE INTERNATIONAL SCHOOL OF LUXOR,No
Egypt,Mansoura,FUTURE INTERNATIONAL SCHOOL OF LUXOR,No
Egypt,Nasr City,FUTURE INTERNATIONAL SCHOOL OF LUXOR,No
Egypt,Port Said,DR. NERMINE ISMAIL SCHOOLS - PORTO SAID,No
Egypt,Port Said,El-FAYROUZ BRITISH INTERNATIONAL COLLEGE,No
Egypt,Quesna,DELTA COLLEGE INTERNATIONAL SCHOOL,No
Egypt,Sadat City,NEW GENERATION INTERNATIONAL SCHOOL,No
Egypt,Sharm El-Sheikh,SHARM INTERNATIONAL BRITISH SCHOOL,No
Egypt,Shebin Elkom City,NEW GENERATION INT. SCH - SHEBEEN CAMPUS,No
Egypt,Sheikh Zayed,CORE WEST COLLEGE,No
Egypt,Sheikh Zayed City,MARVEL INTERNATIONAL SCHOOL,No
Egypt,Shorouk City,EGYPTIAN BRITISH INT SCHOOL - SHOROUK,No
Egypt,Sohag,FUTURE GENERATION INTERNATIONAL SCHOOL,No
Egypt,Suez,BADR INTERNATIONAL SCHOOL,No
Egypt,Talkha,MANSOURA COLLEGE BRITISH SCHOOL,No
Egypt,Tanta,AL-SALAM PRIVATE LANGUAGE SCHOOL -TANTA,No
Egypt,Tanta,FUTURE BRITISH INTERNATIONAL SCHOOL,No
Egypt,Tanta,SMART PRIVATE LANGUAGE SCHOOL,No
Egypt,Tanta,TANTA MODERN SCHOOL,No
Egypt,Tanta,TANTA ROYAL SCHOOL,No
Egypt,www.tibamodern.com,TIBA INTERNATIONAL MODERN SCHOOL,No
El Salvador,San Salvador,Colegio Salvadoreno Ingles,Yes
El Salvador,Santa Tecla,Academia Britanica Cuscatleca,Yes
Ethiopia,Addis Ababa,Bingham Academy,No
Ethiopia,Addis Ababa,Carmi International School,Yes
Ethiopia,Addis Ababa,Dandii Boru School PLC,Yes
Ethiopia,Addis Ababa,Flipper International School,Yes
Ethiopia,Addis Ababa,Hellenic Greek International School,Yes
Ethiopia,Addis Ababa,International Maarif Schools of Ethiopia,Yes
Ethiopia,Addis Ababa,Little Steps International Kindergarten,No
Ethiopia,Addis Ababa,MALD School,Yes
Ethiopia,Addis Ababa,One Planet International School,Yes
Ethiopia,Addis Ababa,Pantokrator International Academy,No
Ethiopia,Addis Ababa,Reach International Center of Education,No
Ethiopia,Addis Ababa,Sandford International School,Yes
Ethiopia,Addis Ababa,Smart Minds School,Yes
Ethiopia,Addis Ababa,Sonnenland International Kindergarten,No
Ethiopia,Addis Ababa,Trillium International School,No
Ethiopia,Addis Ababa,Young Roots English International School,Yes
Ethiopia,Awassa,SOS Hermann Gmeiner School Awassa,Yes
Ethiopia,Bishoftu,Interlakes International School,No
Ethiopia,Hawassa,Bonafide School P.L.C,Yes
Ethiopia,Hawassa,Sankofa International School,Yes
Falkland Islands,Stanley,Falkland Islands Community School,Yes
Finland,Helsinki,Bumblebees Kindergarten Herttoniemi,No
Finland,Helsinki,Bumblebees Kindergarten Myllypuro,No
Finland,Helsinki,Bumblebees Kindergarten Pihlajamaki,No
Finland,Seinäjoki,Seinajoki Upper Secondary School,No
France,Aix-en-Provence,International Bilingual School of Provence,Yes
France,Annecy-le-Vieux,EBiHS,No
France,Bordeaux,EBiHS,No
France,Fuveau,Sainte Victoire International School,No
France,La Celle-Saint-Cloud,Lycee Corneille,No
France,La Rochelle,Fenelon Notre-Dame,No
France,Le Chesnay,Blanche de Castille,Yes
France,Lille,Ecole Jeannine Manuel Lille,No
France,Lille,Ensemble Scolaire Therese D'Avila,No
France,Lyon,International School of Lyon,Yes
France,Lyon,Lycee Multilingue De Lyon Ombrosa,No
France,Neuilly sur Seine,Institut Sainte-Marie De Neuilly,Yes
France,Nice,International School of Nice,No
France,Orsay,Ecole English Tree,No
France,Paris,Bilingual International School of Paris,No
France,Paris,College Sevigne,Yes
France,Paris,Ecole International Bilingue - Monceau College,Yes
France,Paris,Ecole Jeannine Manuel,No
France,Paris,Ecole Massillon,No
France,Paris,Ellipse Montessori Academy,Yes
France,Paris,Institut Notre Dame,Yes
France,Paris,Kingsworth International School,No
France,Paris,Rainbow School Paris,No
France,Pau,The International School of Bearn,Yes
France,Saint Germain en Laye,Ecole Bilingue Diderot,Yes
France,Saint-Germain-en-Laye,Ecole Suger,Yes
France,Sèvres,"English Section, Sections Internationales de Sevres",No
France,Sigoulès,Collège - Lycée - IFAAC Le Cluzeau,Yes
France,Toulouse,The International School of Toulouse,No
Gambia,Bakau,AL FURQAN LOWER BASIC SCHOOL,No
Gambia,Bakau,West African International School,Yes
Gambia,Banjul,Apple Tree International,No
Gambia,Banjul,Marina International School,Yes
Gambia,Banjul,ZENITH PREPARATORY SCHOOL,No
Gambia,Bijilo,SBEC International High School,Yes
Gambia,Bijilo,SBEC International Junior School,No
Gambia,Kanifing,ROSASTOU PRIMARY & JUNIOR SECONDARY SCH,No
Gambia,Kotu,British International School Gambia,Yes
Gambia,Serekunda,GLORY BAPTIST JUNIOR/SENIOR SECONDARYSC,No
Gambia,Serekunda,MAARIF INTERNAT'L SCHOOLS OF THE GAMBIA,No
Georgia,Tbilisi,British Georgian Academy,No
Georgia,Tbilisi,British International School of Tbilisi,Yes
Georgia,Tbilisi,Georgian-American High School,No
Georgia,Tbilisi,International Maarif Schools Georgia LLC,Yes
Georgia,Tbilisi,Projector School,Yes
Georgia,Tbilisi,UG School,Yes
Germany,Bad Aibling,Dietrich-Bonhoeffer-Bildungscampus,Yes
Germany,Bad Bentheim,Missionsgymnasium St Antonius,Yes
Germany,Bad Homburg vor der Höhe,accadis International School Bad Homburg,No
Germany,Berlin,Berlin British School gGmbH,No
Germany,Berlin,Berlin International School,No
Germany,Berlin,Berlin Metropolitan School,No
Germany,Berlin,Freie Schule Anne-Sophie Berlin,No
Germany,Berlin,Phorms Berlin Sud,No
Germany,Braunschweig,International Institute for Studies and Cooperation (IISC),Yes
Germany,Braunschweig,International School Braunschweig-Wolfsburg,No
Germany,Bremen,International School of Bremen,No
Germany,Cologne,Cologne International School,No
Germany,Cologne,"St. George´s, The British International School Cologne",No
Germany,Duisburg,St. George's The British International School - Düsseldorf Rhein-Ruhr,No
Germany,Essen,International School Ruhr,No
Germany,Frankfurt,ISF International School Frankfurt Rhein-Main,Yes
Germany,Frankfurt,Metropolitan School Frankfurt,No
Germany,Frankfurt,Phorms - Frankfurt,No
Germany,Gersthofen,International School Augsburg,No
Germany,Hamburg,Phorms Campus Hamburg,No
Germany,Landstuhl,International School Westpfalz GmbH,Yes
Germany,Leipzig,Leipzig International School,No
Germany,Marburg,Steinmuehle International Primary and Secondary School,No
Germany,Munich,Phorms School Munich,No
Germany,Munich,St George's The British International School Munich,No
Germany,Neuss,ISR International School on the Rhine,No
Germany,Neustadt an der Weinstraße,International School of Neustadt,Yes
Germany,Neu-Ulm,International School Of Ulm/Neu-Ulm Management GmbH,No
Germany,Nuremberg,Hans Sachs Gymnasium Nürnberg,Yes
Germany,Seeheim-Jugenheim,State International School Seeheim,No
Germany,Tutzing,Create Schools,Yes
Germany,Viernheim,Metropolitan International School,Yes
Ghana,Accra,AL-RAYAN INTERNATIONAL SCHOOL.,No
Ghana,Accra,ALSYD ACADEMY,No
Ghana,Accra,ARISTOLAND MONTESSORI CENTRE,Yes
Ghana,Accra,Beacon College International,No
Ghana,Accra,BEACON INTERNATIONAL SCHOOL,No
Ghana,Accra,BLOOMFIELDS SCHOOL,Yes
Ghana,Accra,Brainy Bairn School,Yes
Ghana,Accra,BRITISH COLUMBIA COLLEGE,Yes
Ghana,Accra,CITADEL VALLEY SCHOOL,Yes
Ghana,Accra,CITY LIGHTS INTERNATIONAL SCHOOL,No
Ghana,Accra,CJ SCHOOLS LIMITED,No
Ghana,Accra,Country International School,Yes
Ghana,Accra,CRADLE INTERNATIONAL SCHOOL,No
Ghana,Accra,DAYSPRING INTERNATIONAL ACADEMY,Yes
Ghana,Accra,DISON INTERNATIONAL SCHOOL,No
Ghana,Accra,DOMINION CHRISTIAN ACADEMY,Yes
Ghana,Accra,EAST AIRPORT INTERNATIONAL SCHOOL,No
Ghana,Accra,EAST BRIDGE INTERNATIONAL SCHOOL,No
Ghana,Accra,ECOLE BILINGUE RONSARD,No
Ghana,Accra,EXPLORERS SCHOOLS,No
Ghana,Accra,Faith Montessori School,Yes
Ghana,Accra,GERMAN INTERNATIONAL SCHOOL ACCRA,No
Ghana,Accra,Ghana International School,No
Ghana,Accra,GOLDEN FOUNDATION SCHOOL,No
Ghana,Accra,HARVEST CHRISTIAN ACADEMY,Yes
Ghana,Accra,IB ARTHUR SCHOOL,Yes
Ghana,Accra,International Community School,No
Ghana,Accra,INTERNATIONAL SCHOOL OF ACCRA,Yes
Ghana,Accra,Kay-Billie-Klaer International School,Yes
Ghana,Accra,KENT INTERNATIONAL SCHOOL,No
Ghana,Accra,KWAJEN INTERNATIONAL SCHOOL,Yes
Ghana,Accra,LONDON ROYALS SCHOOL,No
Ghana,Accra,MARYMOUNT INTERNATIONAL SCHOOL,Yes
Ghana,Accra,MERTON INTERNATIONAL PRIMARY & HIGH SCH,No
Ghana,Accra,METRO GOLD SCHOOLS,No
Ghana,Accra,MOTHERCARE SCHOOL,Yes
Ghana,Accra,MY FIRST STEP INTERNATIONAL SCHOOL,Yes
Ghana,Accra,NEW NATION SCHOOL,No
Ghana,Accra,North Hills International School,No
Ghana,Accra,NORTH LEGON LITTLE CAMPUS,No
Ghana,Accra,PASSION HOME BRITISH INTERNATIONALSCHOO,Yes
Ghana,Accra,PENFIELD SCHOOL,No
Ghana,Accra,PETITS SCHOLARS INTERNATIONAL,No
Ghana,Accra,PINNACLE HEIGHTS ACADEMY,Yes
Ghana,Accra,SAFARI INTERNATIONAL SCHOOL,No
Ghana,Accra,Shield International School,No
Ghana,Accra,SILICON VALLEY INTERNATIONAL SCHOOL,No
Ghana,Accra,ST. ADELAIDE INTERNATIONAL SCHOOLS,No
Ghana,Accra,STARTRITE CHRISTIAN COLLEGE,Yes
Ghana,Accra,TEMPLE CHRISTIAN INTERNATIONAL SCHOOL,No
Ghana,Accra,THE ALPHABET SCHOOL,Yes
Ghana,Accra,THE DUKER ACADEMY,Yes
Ghana,Accra,The Roman Ridge School,No
Ghana,Accra,VICTORIA GRAMMAR SCHOOL,No
Ghana,Accra,VINE CHRISTIAN HIGH SCHOOL (VCHS),No
Ghana,Accra,WEST END UNIVERSITY COLLEGE,No
Ghana,Accra,YVONNE NELSON INTERNATIONAL SCHOOL,No
Ghana,Achimota,VILAC INTERNATIONAL SCHOOL,No
Ghana,Adjinganor,SPRINGFORTH COMMUNITY SCHOOL,No
Ghana,Akosombo,AKOSOMBO INTERNATIONAL SCHOOL,No
Ghana,Akosombo,RIGHT TO DREAM ACADEMY,No
Ghana,Akuse,Legacy Girls College,No
Ghana,Amasaman,KOANS INTERNATIONAL SCHOOL,Yes
Ghana,Ashiyie,IVY INTERNATIONAL SCHOOL,No
Ghana,Ayikuma,GOLDEN SUNBEAM INTERNATIONAL,No
Ghana,Cantoment,MORNING STAR INTERNATIONAL HIGH SCHOOL,No
Ghana,Cantoment,SOUL CLINIC INTERNATIONAL SCHOOL,No
Ghana,Cantonments,Little Blessings International School,Yes
Ghana,Dansoman,ALPHA BETA CHRISTIAN COLLEGE,No
Ghana,Dawhenya,EARLY EXCELLENCE CHRISTIAN ACADEMY,No
Ghana,Dodowa,GHANA CHRISTIAN INT HIGH SCHOOL,No
Ghana,East Legon,BRAIN HILL INTERNATIONAL SCHOOL,No
Ghana,East Legon,BRITISH INTERNATIONAL SCHOOL GHANA,No
Ghana,East Legon,EDEN INTERNATIONAL SCHOOL,No
Ghana,East Legon,GALAXY INTERNATIONAL SCHOOL,No
Ghana,East Legon,LYCEE FRANCAIS D' ACCRA,No
Ghana,East Legon,MULTIKIDS INCLUSIVE ACADEMY,No
Ghana,Gbawe,DREAMERS ACADEMY,Yes
Ghana,Gomoa-Manso,Morgan International Community School,Yes
Ghana,"Kanda, Accra",HUDAI TIWNIKLI INTERNATIONAL SENIOR HIGH,Yes
Ghana,Kasoa,HAZELWAY INTERNATIONAL SCHOOL,No
Ghana,Kasoa,PECULIAR INTERNATIONAL SCHOOL,No
Ghana,Kenyasi No 1,International School of Ahafo,No
Ghana,Kumasi,ABOFRA WORLD SCHOOL,Yes
Ghana,Kumasi,ANGEL EDUCATIONAL COMPLEX,No
Ghana,Kumasi,Apple Valley International School,Yes
Ghana,Kumasi,ENAS HYBRID SCHOOL,No
Ghana,Kumasi,HEADLINES EDUCATIONAL CENTRE,No
Ghana,Kumasi,International Community School Kumasi,No
Ghana,Kumasi,THE HILLTOP SCHOOL,No
Ghana,Kumasi,THE RIDGE SCHOOL (1966),No
Ghana,Kwabenya,BRIGHT LILIES SCHOOL,Yes
Ghana,Lashibi,Angels' Ridge School,Yes
Ghana,Medie,SPRINGFIELD ROYAL MONTESSORI SCHOOL,No
Ghana,Ngleshie Amanfro,WEST END INTERNATIONAL SCHOOL,Yes
Ghana,Obuasi,AGA SCHOOL,No
Ghana,Old Ningo,SEASIDE INTERNATIONAL SCHOOL,No
Ghana,"Spintex, Tema",SELHURST EARLY START MONTESSORI SCH. LTD,No
Ghana,Sunyani,CASBE INTERNATIONAL SCHOOL,Yes
Ghana,Sunyani,SOLOMON BENNETT MEMORIAL SCHOOL,Yes
Ghana,Takoradi,ST PETER'S INTERNATIONAL SCHOOL LTD,No
Ghana,Takoradi,TAKORADI INTERNATIONAL SCHOOL,No
Ghana,Takoradi,THE SANCTUARY INTERNATIONAL SCHOOL,No
Ghana,Tamale,SAVANNAH INTERNATIONAL ACADEMY,Yes
Ghana,Tema,AFRICAN SCIENCE ACADEMY,No
Ghana,Tema,ANGELS SPECIALIST SCHOOL INTERNATIONAL,No
Ghana,Tema,ANJEF INTERNATIONAL SCHOOL,No
Ghana,Tema,AVES INTERNATIONAL ACADEMY,No
Ghana,Tema,BLOOMING BUDS INTERNATIONAL SCHOOL,Yes
Ghana,Tema,DATUS INTERNATIONAL COLLEGE,No
Ghana,Tema,DELHI PRIVATE SCHOOL INTERNATIONAL,No
Ghana,Tema,DODI INTERNATIONAL SCHOOL,Yes
Ghana,Tema,GAMS INTERNATIONAL SCHOOL,Yes
Ghana,Tema,GIU INTERNATIONAL CHRISTIAN ACADEMY,No
Ghana,Tema,Jifis International School,Yes
Ghana,Tema,MAYVILLE SCHOOL,Yes
Ghana,Tema,PIONEERS INTERNATIONAL ACADEMY,No
Ghana,Tema,THE OYSTER ACADEMY,No
Gibraltar,Gibraltar,Bayside Comprehensive School,No
Gibraltar,Gibraltar,Gibraltar College,Yes
Gibraltar,Gibraltar,Prior Park School,Yes
Gibraltar,Gibraltar,Westside School Gibraltar,No
Greece,Athens,Byron College,Yes
Greece,Athens,St Catherine's British School,No
Greece,Athens,St Lawrence College,No
Greece,Athens,The Campion School,No
